sido,city,gu,dong,apt,supply_year,supply_month,households,pyeong_info,brand
충청남도,아산시,아산시 전체,온천동,아산경남아너스빌 랜드마크49,2030,2030-12,467,일반/국평형,(주)남선알미늄
전남광주통합특별시,북구,북구 전체,임동,올 뉴 챔피언스시티 1차,2030,2030-11,3216,일반/국평형,(주) 챔피언스시티복합개발피에프브이
경상북도,경산시,경산시 전체,중산동,펜타힐즈 더블유 1단지,2030,2030-11,1712,일반/국평형,아이에스동서(주)
경기도,광주시,광주시 전체,양벌동,경기광주역 롯데캐슬 시그니처 1단지,2030,2030-10,1077,일반/국평형,신한자산신탁 주식회사
인천광역시,인천광역시,남동구,구월동,힐스테이트 구월아트파크,2030,2030-10,496,일반/국평형,주식회사 하나자산신탁
서울특별시,서울특별시,성북구,장위동,장위 푸르지오 마크원,2030,2030-09,1032,일반/국평형,장위10구역주택재개발정비사업조합
경기도,용인시,처인구,양지읍,용인 양지 서희스타힐스 하이뷰,2030,2030-09,547,일반/국평형,양지지구 2블럭 지역주택조합
경기도,남양주시,남양주시 전체,오남읍,오남역 서희스타힐스 여의재 1단지,2030,2030-08,180,일반/국평형,양지7지구 1단지 지역주택조합
부산광역시,부산광역시,남구,대연동,두산위브더제니스 대연,2030,2030-08,176,일반/국평형,동성하이타운 가로주택정비사업조합
경기도,양주시,양주시 전체,옥정동,"옥정중앙역 대방 디에트르(중상1, 복합1BL)",2030,2030-06,2807,일반/국평형,대방건설주식회사
서울특별시,서울특별시,동작구,흑석동,써밋 더힐,2030,2030-06,432,일반/국평형,흑석11재정비촉진구역재개발정비사업조합
부산광역시,부산광역시,해운대구,재송동,르엘 리버파크 센텀,2030,2030-05,2070,일반/국평형,주식회사 하나자산신탁
경기도,남양주시,남양주시 전체,일패동,남양주왕숙2 A-3블록 공공분양주택(본청약),2030,2030-05,686,일반/국평형,한국토지주택공사 경기북부지역본부
경기도,성남시,수정구,신흥동,성남복정2 A1블록 신혼희망타운(공공분양)(본청약),2030,2030-05,594,일반/국평형,한국토지주택공사 서울지역본부
서울특별시,서울특별시,중구,중림동,충정로역자이르네,2030,2030-05,186,일반/국평형,(주)이노디앤씨
인천광역시,인천광역시,미추홀구,학익동,시티오씨엘 9단지 오션파크뷰,2030,2030-04,1949,일반/국평형,코리아신탁(주)
경상남도,창원시,성산구,중앙동,창원자이 더 스카이,2030,2030-04,509,일반/국평형,창원중앙피에프브이(주)
경기도,고양시,덕양구,도내동,고양창릉 S-4블록 공공분양주택(본청약),2030,2030-03,1024,일반/국평형,한국토지주택공사 경기북부지역본부
부산광역시,부산광역시,동래구,안락동,동래 푸르지오 에듀포레,2030,2030-03,474,일반/국평형,안락1구역주택재건축정비사업조합
충청북도,청주시,상당구,지북동,청주 한양립스 더 벨루체,2030,2030-03,417,일반/국평형,동남지역주택조합
경상남도,진주시,진주시 전체,평거동,힐스테이트 평거 센트럴,2030,2030-03,261,일반/국평형,신한자산신탁 주식회사
서울특별시,서울특별시,중랑구,망우동,상봉 센트럴 아이파크,2030,2030-03,242,일반/국평형,(주)아주
경기도,고양시,덕양구,도내동,고양창릉지구 S-3블록 이익공유형 분양주택(본청약),2030,2030-02,1282,일반/국평형,한국토지주택공사 경기북부지역본부
부산광역시,부산광역시,사상구,엄궁동,엄궁역 트라비스 하늘채,2030,2030-02,1061,일반/국평형,엄궁1구역주택재개발정비사업조합
경기도,수원시,영통구,영통동,망포역 푸르지오 르마크,2030,2030-02,615,일반/국평형,"망포역세권개발피에프브이㈜,㈜대우건설"
서울특별시,서울특별시,동작구,상도동,동작 센트럴 동문 디 이스트,2030,2030-02,72,일반/국평형,장승배기역지역주택조합
충청남도,천안시,서북구,성정동,두정역 푸르지오 그랑피크,2030,2030-01,1438,일반/국평형,주식회사 케이티앤지
김포,풍무역세권,풍무역세권 전체,C5블록,호반써밋 풍무Ⅱ,2030,2030-01,961,일반/국평형,(주)호반건설
경기도,의왕시,의왕시 전체,고천동,의왕시청역 SK VIEW IPARK,2030,2030-01,958,일반/국평형,고천나구역주택재개발정비사업조합
부산광역시,부산광역시,동래구,온천동,동래 에코팰리스 아시아드 리안,2030,2030-01,291,일반/국평형,신영부동산신탁 주식회사
서울특별시,서울특별시,영등포구,신길동,써밋 클라비온,2030,2030-01,176,일반/국평형,(주)한국토지신탁
대전광역시,대전광역시,중구,대흥동,대전 경남아너스빌 센텀스카이,2030,2030-01,142,일반/국평형,탑스텐빌라드애월제주(주)
인천광역시,인천광역시,연수구,송도동,더샵 송도그란테르 G5-6블록,2030,2030-01,100,일반/국평형,케이비부동산신탁(주)
인천광역시,인천광역시,연수구,송도동,더샵 송도그란테르 G5-5블록,2030,2030-01,97,일반/국평형,케이비부동산신탁(주)
인천광역시,인천광역시,연수구,송도동,더샵 송도그란테르 G5-4블록,2030,2030-01,91,일반/국평형,케이비부동산신탁(주)
인천광역시,인천광역시,연수구,송도동,더샵 송도그란테르 G5-3블록,2030,2030-01,85,일반/국평형,케이비부동산신탁(주)
서울특별시,서울특별시,서대문구,홍은동,쌍용 더 플래티넘 서대문,2030,2030-01,62,일반/국평형,홍은동355번지일대 가로주택정비사업조합
경기도,구리시,구리시 전체,수택동,구리역 하이니티 리버파크,2029,2029-12,1530,일반/국평형,수택E구역주택재개발정비사업조합
인천광역시,인천광역시,서구,검단신도시,더샵 검단레이크파크(AB22BL),2029,2029-12,1454,일반/국평형,한국자산신탁(주)
인천광역시,인천광역시,서구,검단신도시,더샵 검단레이크파크(AB23BL),2029,2029-12,1403,일반/국평형,한국자산신탁(주)
대전광역시,대전광역시,유성구,도안,도안자이 센텀리체 2단지,2029,2029-12,834,일반/국평형,교보자산신탁(주)
경기도,의왕시,의왕시 전체,삼동,의왕역 SK VIEW,2029,2029-12,820,일반/국평형,부곡가구역주택재개발정비사업조합
경기도,김포시,김포시 전체,북변동,김포북변 칸타빌 디 에디션,2029,2029-12,612,일반/국평형,신영부동산신탁(주)
경기도,의정부시,의정부시 전체,의정부동,의정부역 센트럴 아이파크,2029,2029-12,400,일반/국평형,에이치디씨현대산업개발(주)
경기도,군포시,군포시 전체,대야미동,군포대야미지구 A-1블록 6년 분양전환공공임대주택(본청약),2029,2029-12,377,일반/국평형,한국토지주택공사 경기남부지역본부
부산광역시,부산광역시,남구,문현동,더샵 트리센트,2029,2029-12,156,일반/국평형,문현마루지역주택조합
울산광역시,울산광역시,남구,야음동,그랑라크 에일린의 뜰,2029,2029-11,1153,일반/국평형,남구비14구역주택재개발정비사업조합
경상남도,거제시,거제시 전체,장평동,거제 푸르지오 마린피스,2029,2029-11,423,일반/국평형,한국투자부동산신탁 주식회사
경기도,시흥시,시흥시 전체,거모동,시흥거모 A-5블록 신혼희망타운(공공분양)(본청약),2029,2029-11,290,일반/국평형,한국토지주택공사 경기남부지역본부
서울특별시,서울특별시,동작구,노량진동,드파인 아르티아,2029,2029-11,171,일반/국평형,노량진2재정비촉진구역재개발정비사업조합
부산광역시,부산광역시,동래구,온천동,온천장 하늘채 엘리시움,2029,2029-11,129,일반/국평형,온천장지역주택조합
경기도,오산시,오산시 전체,내삼미동,북오산자이 드포레,2029,2029-10,1517,일반/국평형,한국투자부동산신탁 주식회사
대전광역시,대전광역시,유성구,도안,도안자이 센텀리체 1단지,2029,2029-10,946,일반/국평형,교보자산신탁(주)
인천광역시,인천광역시,중구,중산동,"인천영종국제도시 디에트르 라 메르Ⅰ(RC4-1,2BL)(본청약)",2029,2029-10,903,일반/국평형,"디비종합건설주식회사,디비주택주식회사"
경기도,부천시,원미구,소사동,e편한세상 부천 어반스퀘어,2029,2029-10,897,일반/국평형,소사3구역 재개발정비사업조합
경기도,광주시,광주시 전체,역동,해링턴 스퀘어 리버파크,2029,2029-10,817,일반/국평형,경안리버시티개발 주식회사
경기도,양주시,양주시 전체,덕정동,양주회천지구 A-26블록 공공분양주택,2029,2029-10,792,일반/국평형,한국토지주택공사 경기북부지역본부
경기도,수원시,권선구,서둔동,화서역 호수공원 아너스빌,2029,2029-10,476,일반/국평형,삼환기업(주)
경기도,화성시,효행구,비봉면,야목역 서희스타힐스 그랜드힐,2029,2029-10,241,일반/국평형,비봉지역주택조합
경기도,화성시,효행구,비봉면,야목역 서희스타힐스 그랜드힐(조합원 취소분),2029,2029-10,83,일반/국평형,비봉지역주택조합
충청남도,천안시,서북구,업성동,업성 푸르지오 레이크시티,2029,2029-09,1460,일반/국평형,교보자산신탁(주)
경기도,오산시,오산시 전체,양산동,오산헤리티지자이 1단지,2029,2029-09,1069,일반/국평형,주식회사 하나자산신탁
충청남도,천안시,서북구,백석동,백석시그니처자이 1단지,2029,2029-09,854,일반/국평형,주식회사 하나자산신탁
인천광역시,인천광역시,남동구,간석1동,포레나더샵 인천시청역,2029,2029-09,735,일반/국평형,상인천초교주변주택재개발정비사업조합
경기도,오산시,오산시 전체,양산동,오산헤리티지자이 2단지,2029,2029-09,714,일반/국평형,주식회사 하나자산신탁
경기도,안양시,만안구,안양동,안양자이 헤리티온,2029,2029-09,639,일반/국평형,상록지구주택재개발정비사업조합
경기도,이천시,이천시 전체,갈산동,이천 휴먼빌 클래스원,2029,2029-09,536,일반/국평형,일신건영(주)
충청남도,천안시,서북구,업성동,업성 푸르지오 레이크시티 2단지,2029,2029-09,448,일반/국평형,교보자산신탁(주)
경상남도,진주시,진주시 전체,이현동,포레나힐스테이트 진주,2029,2029-09,398,일반/국평형,이현1-5구역재건축정비사업조합
충청남도,천안시,서북구,백석동,백석시그니처자이 2단지,2029,2029-09,320,일반/국평형,주식회사 하나자산신탁
강원특별자치도,강릉시,강릉시 전체,교동,리쉐스302,2029,2029-09,302,일반/국평형,주식회사파이오니아강릉
경상남도,거제시,거제시 전체,상동동,센트레빌 아스테리움 거제,2029,2029-08,1307,일반/국평형,(주)한국토지신탁
경상남도,창원시,마산회원구,회원동,창원 한신더휴 메가센텀,2029,2029-08,1139,일반/국평형,회원2구역주택재개발정비사업조합
경기도,군포시,군포시 전체,대야미동,군포대야미 A2블록 신혼희망타운(공공분양)(본청약),2029,2029-08,1003,일반/국평형,한국토지주택공사 경기남부지역본부
인천광역시,인천광역시,연수구,송도동,더샵 송도그란테르 G5-1블록,2029,2029-08,853,일반/국평형,케이비부동산신탁(주)
서울특별시,서울특별시,중랑구,상봉동,더샵 퍼스트월드,2029,2029-08,800,일반/국평형,우리자산신탁 주식회사
경기도,여주시,여주시 전체,홍문동,더샵 여주역더퍼스트,2029,2029-08,696,일반/국평형,한국투자부동산신탁 주식회사
광주연구개발특구,첨단3지구,첨단3지구 전체,A6블록(전남광주통합특별시,제일풍경채 첨단3지구(A6BL),2029,2029-08,638,일반/국평형,첨단678피에프브이 주식회사
경상남도,김해시,김해시 전체,내동,트리븐 김해,2029,2029-08,398,일반/국평형,한국투자부동산신탁 주식회사
인천광역시,인천광역시,연수구,송도동,더샵 송도그란테르 G5-11블록,2029,2029-08,318,일반/국평형,케이비부동산신탁(주)
울산광역시,울산광역시,중구,우정동,더폴 우정,2029,2029-08,316,일반/국평형,(주)우성종합건설
서울특별시,서울특별시,동작구,대방동,아크로 리버스카이,2029,2029-08,285,일반/국평형,노량진8재정비촉진구역주택재개발정비사업조합
전라남도,여수시,여수시 전체,학동,효성해링턴 플레이스 여수,2029,2029-08,278,일반/국평형,(주)한국토지신탁
울산광역시,울산광역시,남구,신정동,문수로 라티에르 673,2029,2029-08,199,일반/국평형,(주)한국토지신탁
경기도,오산시,오산시 전체,서동,오산 세교 우미 린 레이크시티,2029,2029-07,1424,일반/국평형,우미건설(주)
인천광역시,인천광역시,미추홀구,학익동,시티오씨엘 8단지,2029,2029-07,1349,일반/국평형,코리아신탁(주)
부산광역시,부산광역시,수영구,남천동,써밋 리미티드 남천,2029,2029-07,835,일반/국평형,큐브광안피에프브이주식회사
대전광역시,대전광역시,중구,선화동,대전 하늘채 루시에르(1회차),2029,2029-07,657,일반/국평형,케이비부동산신탁(주)
서울특별시,서울특별시,영등포구,신길동,더샵 신길센트럴시티,2029,2029-07,477,일반/국평형,신길5동지역주택조합
인천광역시,인천광역시,서해구,인천검암역세권,검암역 푸르지오 프라베뉴 (B-1BL) 공공분양주택,2029,2029-07,441,일반/국평형,"인천도시공사,(주)대우건설,동부건설(주),(주)비에스한양,경화건설(주),브니엘네이처(주)"
부산광역시,부산광역시,부산진구,부전동,쌍용 더 플래티넘 서면,2029,2029-07,432,일반/국평형,주식회사 하나자산신탁
부산광역시,부산광역시,수영구,민락동,알티에로 광안,2029,2029-07,366,일반/국평형,(주)하이아트이앤씨
대전광역시,대전광역시,중구,선화동,대전 하늘채 루시에르(2회차),2029,2029-07,341,일반/국평형,케이비부동산신탁(주)
서울특별시,서울특별시,영등포구,신길동,더샵 신길센트럴시티(조합원 취소분),2029,2029-07,67,일반/국평형,신길5동지역주택조합
충청남도,아산시,아산시 전체,탕정면,아산탕정자이 메트로시티(A3BL),2029,2029-06,1638,일반/국평형,교보자산신탁(주)
경기도,하남시,하남시 전체,천현동,교산 푸르지오 더 퍼스트(본청약),2029,2029-06,1115,일반/국평형,"한국토지주택공사,(주)대우건설,계룡건설산업(주),동부건설(주),흥한주택종합건설(주),(주)파레나"
전라남도,여수시,여수시 전체,소호동,소제지구 A3BL 중흥S-클래스 우미린,2029,2029-06,1095,일반/국평형,여수소제피에프브이 주식회사
부산광역시,부산광역시,강서구,강동동,에코델타시티 엘가 로제비앙,2029,2029-06,998,일반/국평형,(주)부산에코5피에프브이
경기도,부천시,부천시 전체,부천역곡,역곡지구 하우스토리(부천역곡지구 A-2BL) 신혼희망타운(공공분양)(본청약),2029,2029-06,976,일반/국평형,한국토지주택공사인천지역본부
대전광역시,대전광역시,서구,관저동,더샵 관저아르테,2029,2029-06,951,일반/국평형,주식회사 하나자산신탁
경기도,평택시,평택시 전체,고덕동,힐스테이트 고덕엘리스트 A12BL 공공분양주택,2029,2029-06,942,일반/국평형,한국토지주택공사 경기남부지역본부
충청남도,천안시,서북구,부대동,천안 아이파크 시티 3단지,2029,2029-06,851,일반/국평형,아이파크현대산업개발주식회사
경기도,평택시,평택시 전체,고덕동,힐스테이트 고덕엘리스트 A65BL 공공분양주택,2029,2029-06,837,일반/국평형,한국토지주택공사 경기남부지역본부
충청남도,천안시,서북구,부대동,천안 아이파크 시티 4단지,2029,2029-06,777,일반/국평형,주식회사 하나자산신탁
인천광역시,인천광역시,계양구,귤현동,인천계양지구 A6블록 공공분양주택(본청약),2029,2029-06,663,일반/국평형,한국토지주택공사 인천지역본부
경기도,광명시,광명시 전체,광명4동,힐스테이트 광명 11,2029,2029-06,652,일반/국평형,광명제11R구역 주택재개발정비사업조합
경기도,화성시,동탄구,일원,화성동탄2지구 C-27블록 공공분양주택,2029,2029-06,473,일반/국평형,한국토지주택공사 경기남부지역본부
대전광역시,대전광역시,중구,용두동,해링턴플레이스 오룡역,2029,2029-06,427,일반/국평형,한국투자부동산신탁 주식회사
경기도,양주시,양주시 전체,회정동,양주 회천지구 A-8BL 로제비앙 엘가,2029,2029-06,361,일반/국평형,(주)디케이월드
인천광역시,인천광역시,중구,영종하늘도시,영종하늘도시 대라수 어썸(A50BL),2029,2029-06,297,일반/국평형,주은주택건설(주)
강원특별자치도,춘천시,춘천시 전체,소양로1가,더 리치먼드 리버센트 소양,2029,2029-06,178,일반/국평형,케이비부동산신탁(주)
경기도,의왕시,의왕시 전체,삼동,의왕역 한신더휴,2029,2029-06,108,일반/국평형,우성4차아파트 및 주변가로주택정비사업조합
충청남도,천안시,서북구,부대동,천안 휴먼빌 퍼스트시티,2029,2029-05,1232,일반/국평형,일신건영(주)
강원특별자치도,원주시,원주시 전체,남원주역세권,원주역 우미 린 더 스텔라,2029,2029-05,927,일반/국평형,코리아신탁(주)
울산광역시,울산광역시,남구,무거동,문수로 비스타 더파크,2029,2029-05,700,일반/국평형,(주)동원개발
김포,풍무역세권,풍무역세권 전체,B4블록,호반써밋 풍무Ⅲ,2029,2029-05,660,일반/국평형,주식회사 호반산업
경기도,광명시,광명시 전체,철산3동,철산역자이,2029,2029-05,650,일반/국평형,광명12R구역주택재개발정비사업조합
부산광역시,부산광역시,해운대구,우동,베뉴브 해운대,2029,2029-05,629,일반/국평형,(주)아이브이신라
경기도,남양주시,남양주시 전체,평내동,두산위브더제니스 평내호평역 N49,2029,2029-05,548,일반/국평형,센트럴엔49피에프브이 주식회사
부산광역시,부산광역시,강서구,강동동,에코델타시티 중흥S-클래스 리버시티,2029,2029-05,501,일반/국평형,중흥에스클래스주식회사
경기도,고양시,덕양구,행신동,고양 창릉 우미 린 그레니티 공공분양주택(본청약),2029,2029-05,494,일반/국평형,한국토지주택공사
경기도,의정부시,의정부시 전체,녹양동,의정부우정 A2블록 공공분양주택(본청약),2029,2029-05,463,일반/국평형,한국토지주택공사 경기북부지역본부
경상북도,구미시,구미시 전체,광평동,두산위브더제니스 구미,2029,2029-05,403,일반/국평형,구미중앙숲지역주택조합
충청남도,천안시,서북구,부대동,천안 휴먼빌 퍼스트시티(2회차),2029,2029-05,309,일반/국평형,일신건영(주)
전북특별자치도,전주시,덕진구,우아동,아르티엠 라 테라스,2029,2029-05,300,일반/국평형,주식회사 우경주택건설
부산광역시,부산광역시,북구,구포동,두산위브 트리니뷰 구명역,2029,2029-05,288,일반/국평형,구포7구역지역주택조합
서울특별시,서울특별시,노원구,월계동,월계 중흥S-클래스 리비에르,2029,2029-05,135,일반/국평형,월계동 재건축정비사업조합
경상북도,구미시,구미시 전체,광평동,두산위브더제니스 구미(조합원취소분),2029,2029-05,63,일반/국평형,구미중앙숲지역주택조합
경기도,양주시,양주시 전체,덕계동,지웰 엘리움 양주 덕계역,2029,2029-04,1355,일반/국평형,"주식회사 신영피에프브이제3호,(주)신영"
인천광역시,인천광역시,미추홀구,용현동,인하대역 수자인 로이센트,2029,2029-04,959,일반/국평형,아이월드 주식회사
충청남도,공주시,금흥2지구,금흥동,공주월송 진아레히,2029,2029-04,811,일반/국평형,주식회사 리우
경상북도,상주시,상주시 전체,함창읍,상주자이르네,2029,2029-04,773,일반/국평형,교보자산신탁(주)
강원특별자치도,강릉시,강릉시 전체,송정동,강릉 우미 린 더 프리미어,2029,2029-04,772,일반/국평형,(주)한국토지신탁
경상남도,김해시,김해시 전체,안동,김해 안동 에피트,2029,2029-04,765,일반/국평형,안동지역주택조합
전라남도,여수시,여수시 전체,소호동,소제지구 A4BL 중흥S-클래스 우미린,2029,2029-04,584,일반/국평형,여수소제피에프브이 주식회사
울산광역시,울산광역시,남구,무거동,울산신복역 비스타 메트로,2029,2029-04,481,일반/국평형,"(주)동원개발,(주)세명종합개발"
경상북도,상주시,상주시 전체,냉림동,상주북천 하늘채 파크원,2029,2029-04,466,일반/국평형,주식회사 하나자산신탁
경기도,안양시,만안구,안양2동,안양역 센트럴 아이파크 수자인,2029,2029-04,407,일반/국평형,안양역세권 지구 재개발정비사업 조합
경기도,김포시,김포시 전체,사우동,사우역 지엔하임,2029,2029-04,385,일반/국평형,"(주)문장건설,(주)아크스톤디"
경상남도,양산시,양산시 전체,물금읍,힐스테이트 양산더스카이 2단지,2029,2029-04,299,일반/국평형,(주)무궁화신탁
경상남도,양산시,양산시 전체,물금읍,힐스테이트 양산더스카이 1단지,2029,2029-04,299,일반/국평형,(주)무궁화신탁
부산광역시,부산광역시,사하구,당리동,한화포레나 부산당리,2029,2029-04,209,일반/국평형,당리2구역주택재개발정비사업조합
경상남도,김해시,김해시 전체,신문동,김해 신문 센트럴 아이파크,2029,2029-03,1379,일반/국평형,교보자산신탁(주)
충청북도,청주시,서원구,미평동,청주 푸르지오 씨엘리체,2029,2029-03,1351,일반/국평형,(주)코람코자산신탁
경기도,오산시,오산시 전체,내삼미동,북오산자이 리버블시티,2029,2029-03,1275,일반/국평형,한국투자부동산신탁 주식회사
부산광역시,부산광역시,동래구,명륜동,동래사적공원 대광로제비앙,2029,2029-03,1025,일반/국평형,디앤파크 주식회사
경기도,의정부시,의정부시 전체,용현동,탑석 푸르지오 파크7,2029,2029-03,935,일반/국평형,(주)대우건설
세종특별자치시,다솜동,다솜동 전체,5204-1번지,"세종 우미 린 센터파크(행정중심복합도시 5-2생활권 S1블록, 글미마을 9단지)",2029,2029-03,676,일반/국평형,세종에스원피에프브이 주식회사
충청남도,천안시,서북구,업성동,엘리프 성성호수공원 2BL,2029,2029-03,560,일반/국평형,"업성개발피에프브이 주식회사,계룡건설산업(주)"
충청남도,천안시,서북구,업성동,엘리프 성성호수공원 1BL,2029,2029-03,546,일반/국평형,"업성개발피에프브이 주식회사,계룡건설산업(주)"
경상북도,경산시,대임지구,S-1블록,경산 대임지구 제일풍경채 S-1BL(사전청약),2029,2029-03,507,일반/국평형,(주)제이아이홀딩스
인천광역시,인천광역시,연수구,송도동,송도 한내들 센트럴리버,2029,2029-03,501,일반/국평형,"(주)동인개발,(주)창해건설"
충청남도,천안시,동남구,삼룡동,천안 동문 디 이스트 파크시티,2029,2029-03,500,일반/국평형,삼룡동 파크시티 지역주택조합
충청북도,청주시,흥덕구,강서동,청주 롯데캐슬 시그니처,2029,2029-03,459,일반/국평형,강서2지구지역주택조합
경기도,시흥시,시흥시 전체,대야동,힐스테이트 시흥더클래스,2029,2029-03,430,일반/국평형,신한자산신탁 주식회사
경기도,시흥시,시흥시 전체,하중동,시흥하중지구 A1블록 신혼희망타운(공공분양)(본청약),2029,2029-03,400,일반/국평형,한국토지주택공사 경기남부지역본부
전북특별자치도,전주시,덕진구,진북동,골드클래스 시그니처,2029,2029-03,341,일반/국평형,동양아파트인근구역주택재개발정비사업조합
강원특별자치도,고성군,고성군 전체,토성면,르네오션 고성 퍼스트뷰,2029,2029-03,263,일반/국평형,(주)한국토지신탁
강원특별자치도,춘천시,춘천시 전체,동면,춘천 리버뷰 아이파크,2029,2029-03,262,일반/국평형,아이파크현대산업개발주식회사
경상남도,양산시,양산시 전체,물금읍,힐스테이트 물금센트럴,2029,2029-03,162,일반/국평형,복지아파트주택재건축정비사업조합
서울특별시,서울특별시,영등포구,문래동,더샵 프리엘라,2029,2029-03,138,일반/국평형,문래진주아파트 주택재건축정비사업조합
서울특별시,서울특별시,성북구,하월곡동,브라운스톤 월곡 센트럴,2029,2029-03,62,일반/국평형,동신아파트 소규모재건축정비사업조합
경기도,성남시,성남낙생지구,내,e편한세상 분당 퍼스트빌리지(성남낙생지구 A-1BL) 신혼희망타운(공공분양)(본청약),2029,2029-02,933,일반/국평형,한국토지주택공사 경기남부지역본부
대전광역시,대전광역시,동구,대동,대전대동2 1블록 공공분양주택,2029,2029-02,881,일반/국평형,한국토지주택공사 대전충남지역본부
경기도,남양주시,남양주시 전체,일패동,왕숙 아테라 공공분양주택(본청약),2029,2029-02,812,일반/국평형,금호건설 주식회사
경기도,과천시,과천시 전체,주암동,과천주암지구 C1블록 신혼희망타운(공공분양)(본청약),2029,2029-02,812,일반/국평형,한국토지주택공사 경기남부지역본부
충청북도,청주시,흥덕구,신봉동,두산위브더제니스 청주 센트럴파크,2029,2029-02,705,일반/국평형,운천주공재건축정비사업조합
경기도,구리시,구리시 전체,교문동,중흥S-클래스 힐더포레,2029,2029-02,637,일반/국평형,딸기원2지구주택재개발정비사업조합
경기도,용인시,수지구,풍덕천동,수지자이 에디시온,2029,2029-02,480,일반/국평형,한국자산신탁(주)
경기도,평택시,고덕국제화계획지구,A-67블록,고덕국제신도시 수자인하우스디,2029,2029-02,403,일반/국평형,평택고덕비에스한양컨소시엄(주)
인천광역시,인천광역시,계양구,귤현동,인천계양 A9블록 신혼희망타운(공공분양)(본청약),2029,2029-02,317,일반/국평형,한국토지주택공사 인천지역본부
부산광역시,부산광역시,동래구,사직2동,힐스테이트 사직 아시아드,2029,2029-02,302,일반/국평형,사직1-6지구 재건축정비사업조합
경기도,과천시,과천시 전체,주암동,과천주암지구 C1블록 공공분양주택(본청약),2029,2029-02,120,일반/국평형,한국토지주택공사 경기남부지역본부
서울특별시,서울특별시,서초구,서초동,아크로 드 서초,2029,2029-02,56,일반/국평형,서초신동아아파트 주택재건축정비사업조합
충청남도,천안시,천안시 전체,청당동,두산위브더제니스 센트럴 천안,2029,2029-01,1202,일반/국평형,청암프로젝트(주)
경기도,김포시,김포시 전체,풍무역세권도시개발사업,풍무역세권 수자인 그라센트 1차,2029,2029-01,1071,일반/국평형,(주)비에스한양
충청남도,천안시,서북구,성성동,천안 아이파크 시티 6단지,2029,2029-01,1012,일반/국평형,주식회사 하나자산신탁
경상북도,경산시,경산시 전체,상방동,경산 상방공원 호반써밋 1단지,2029,2029-01,1004,일반/국평형,주식회사 상방공원피에프브이
충청남도,천안시,서북구,직산읍,천안 동일하이빌 파크레인,2029,2029-01,895,일반/국평형,(주)한국토지신탁
부산광역시,부산광역시,사상구,감전동,더파크 비스타동원,2029,2029-01,852,일반/국평형,대한토지신탁(주)
충청남도,천안시,서북구,성성동,천안 아이파크 시티 5단지,2029,2029-01,837,일반/국평형,신한자산신탁 주식회사
충청남도,서산시,서산시 전체,예천동,트리븐 서산,2029,2029-01,829,일반/국평형,(주)한국토지신탁
경상남도,창원시,마산합포구,자산동,메트로시티 자산 데시앙,2029,2029-01,739,일반/국평형,자산구역재개발정비사업조합
충청남도,아산시,아산시 전체,탕정면,아산탕정 동일하이빌 파크레인,2029,2029-01,738,일반/국평형,(주)한국토지신탁
경기도,양주시,양주시 전체,남방동,양주역 제일풍경채 위너스카이,2029,2029-01,702,일반/국평형,제일건설 주식회사
경기도,평택시,고덕국제화계획지구,Abc-14블록,고덕국제신도시 수자인풍경채 1단지,2029,2029-01,670,일반/국평형,평택고덕비에스한양컨소시엄(주)
경기도,김포시,김포시 전체,풍무역세권도시개발사업,풍무역세권 수자인 그라센트 2차,2029,2029-01,639,일반/국평형,"(주)비에스한양,(주)비에스산업"
충청남도,아산시,아산시 전체,둔포면,아산테크노밸리 더원 7차 (Ab4BL),2029,2029-01,622,일반/국평형,주식회사 이지건설
경기도,용인시,처인구,원삼면,용인반도체클러스터 동일하이빌 파크밸리(D1-1블록),2029,2029-01,589,일반/국평형,(주)동일코퍼레이션
경기도,시흥시,시흥시 전체,시흥거모,시흥거모 엘가 로제비앙,2029,2029-01,480,일반/국평형,한아건설(주)
경기도,평택시,고덕국제화계획지구,Abc-61블록,고덕국제신도시 수자인풍경채 2단지,2029,2029-01,456,일반/국평형,평택고덕비에스한양컨소시엄(주)
경상남도,김해시,김해시 전체,신문동,신문 대상 웰라움 라시엘,2029,2029-01,375,일반/국평형,신영부동산신탁 주식회사
경기도,남양주시,남양주시 전체,진접2,남양주 진접 서한이다음(S1BL),2029,2029-01,361,일반/국평형,(주) 서한
울산광역시,울산광역시,울주군,삼남읍,울산역 폴리시아 아이유쉘,2029,2029-01,357,일반/국평형,(주)우방
경기도,이천시,이천시 전체,안흥동,이천 서희스타힐스 SKY,2029,2029-01,347,일반/국평형,안흥동 지역주택조합
서울특별시,서울특별시,서대문구,연희동,드파인 연희,2029,2029-01,332,일반/국평형,연희제1구역주택재개발정비사업조합
경상북도,안동시,안동시 전체,송현동,안동리첼스카이파크,2029,2029-01,264,일반/국평형,주식회사 삼태사
부산광역시,부산광역시,동래구,온천동,해링턴플레이스 명륜역,2029,2029-01,242,일반/국평형,우리자산신탁 주식회사
경상북도,경산시,대임지구,M1BL,경산대임지구 M1BL 반도유보라(사전청약),2029,2029-01,228,일반/국평형,(주)반도건설
부산광역시,부산광역시,금정구,장전동,금정산 하늘채 루미엘,2029,2029-01,213,일반/국평형,휴먼파크장전 지역주택조합
서울특별시,서울특별시,마포구,도화동,공덕역자이르네,2029,2029-01,177,일반/국평형,주식회사 에스시티공덕피에프브이
서울특별시,서울특별시,영등포구,영등포동,리버센트 푸르지오 위브,2029,2029-01,175,일반/국평형,영등포1의13구역도시환경정비사업조합
경기도,남양주시,남양주시 전체,오남읍,오남역 서희스타힐스 여의재 3단지 (조합원 취소분),2029,2029-01,133,일반/국평형,양지7지구 3단지 지역주택조합
울산광역시,울산광역시,남구,신정동,문수로 코아루 에듀스카이,2029,2029-01,123,일반/국평형,(주)한국토지신탁
경기도,남양주시,남양주시 전체,오남읍,오남역 서희스타힐스 여의재 3단지,2029,2029-01,117,일반/국평형,양지7지구 3단지 지역주택조합
경기도,이천시,이천시 전체,안흥동,이천 서희스타힐스 SKY (조합원 취소분),2029,2029-01,48,일반/국평형,안흥동 지역주택조합
경기도,이천시,이천시 전체,안흥동,이천 서희스타힐스 SKY(조합원 취소분),2029,2029-01,8,일반/국평형,안흥동 지역주택조합
파주메디컬클러스터,도시개발구역,도시개발구역 전체,A2BL,운정 아이파크 시티,2028,2028-12,3250,일반/국평형,주식회사 하나자산신탁
경상남도,창원시,진해구,여좌동,창원 메가시티 자이앤위브,2028,2028-12,2041,일반/국평형,대야구역재개발정비사업조합
경기도,평택시,평택시 전체,장안동,브레인시티 비스타동원,2028,2028-12,1600,일반/국평형,(주)월드컵
충청북도,청주시,서원구,사직동,청주 센텀 푸르지오 자이,2028,2028-12,1538,일반/국평형,사직1구역주택재개발정비사업조합
경기도,용인시,처인구,양지면,클러스터용인 경남아너스빌,2028,2028-12,997,일반/국평형,"(주)삼라,에스엠스틸(주)"
경기도,용인시,처인구,역북동,용인 푸르지오 클루센트,2028,2028-12,784,일반/국평형,용인신대피에프브이 주식회사
경기도,평택시,평택시 전체,고덕,평택 고덕 우미 린 프레스티지(Abc-36BL),2028,2028-12,743,일반/국평형,"우미건설(주),지에스건설(주),이에스아이(주)"
경기도,용인시,처인구,양지면,용인 푸르지오 원클러스터파크,2028,2028-12,710,일반/국평형,우리자산신탁 주식회사
인천광역시,인천광역시,중구,운서동,인천영종지구 A24블록 공공분양주택(본청약),2028,2028-12,641,일반/국평형,한국토지주택공사 인천지역본부
인천광역시,인천광역시,서구,경서동,검암역자이르네,2028,2028-12,601,일반/국평형,신영부동산신탁(주)
전북특별자치도,익산시,익산시 전체,팔봉동,익산 펠리피아,2028,2028-12,572,일반/국평형,주식회사 창조디앤씨
경상북도,경산시,대임지구,B3블록,경산 대임지구 B3 BL 라온프라이빗(사전청약),2028,2028-12,505,일반/국평형,이룰디앤씨주식회사
경기도,남양주시,남양주시 전체,진접읍,남양주왕숙지구 B-17블록 공공분양주택(본청약),2028,2028-12,491,일반/국평형,한국토지주택공사 경기북부지역본부
전라남도,무안군,무안군 전체,일로읍,오룡2지구 지엔하임 38블록,2028,2028-12,422,일반/국평형,주식회사 남악오룡2피에프브이
경상북도,안동시,안동시 전체,용상동,트리븐 안동,2028,2028-12,418,일반/국평형,대신자산신탁 주식회사
경기도,남양주시,남양주시 전체,진접읍,남양주왕숙 A-24블록 신혼희망타운(공공분양)(본청약),2028,2028-12,390,일반/국평형,한국토지주택공사 경기북부지역본부
전라남도,무안군,무안군 전체,일로읍,오룡2지구 지엔하임 37블록,2028,2028-12,371,일반/국평형,주식회사 남악오룡1피에프브이
서울특별시,서울특별시,동작구,노량진동,라클라체자이드파인,2028,2028-12,369,일반/국평형,노량진6재정비촉진구역 주택재개발정비사업조합
대전광역시,대전광역시,유성구,도룡동,도룡자이 라피크,2028,2028-12,299,일반/국평형,(주)한국토지신탁
서울특별시,서울특별시,동작구,노량진동,동작구수방사 공공분양주택(본청약),2028,2028-12,263,일반/국평형,한국토지주택공사 서울지역본부
경기도,김포시,김포시 전체,사우동,풍무역 푸르지오 더 마크,2028,2028-11,1524,일반/국평형,"(주)대우건설,디에스케이피에프브이주식회사"
인천광역시,인천광역시,미추홀구,학익동,시티오씨엘 7단지,2028,2028-11,1453,일반/국평형,코리아신탁주식회사
부산광역시,부산광역시,동구,범일동,블랑 써밋 74,2028,2028-11,998,일반/국평형,(주)대우건설
울산광역시,울산광역시,남구,무거동,한화포레나 울산무거,2028,2028-11,816,일반/국평형,대신자산신탁 주식회사
울산광역시,울산광역시,중구,학산동,번영로 롯데캐슬 센트럴스카이,2028,2028-11,634,일반/국평형,(주)무궁화신탁
인천광역시,인천광역시,미추홀구,도화동,두산위브 더센트럴 도화,2028,2028-11,412,일반/국평형,도화4구역주택재개발정비사업조합
경기도,시흥시,시흥시 전체,거모동,시흥거모B1 호반써밋,2028,2028-11,310,일반/국평형,"(주)호반건설,진아건설(주)"
전북특별자치도,정읍시,정읍시 전체,상동,정읍 상동 예다음2차,2028,2028-11,221,일반/국평형,주식회사 와이엠개발
경기도,수원시,권선구,평동,수원역 아너스빌 타임원,2028,2028-11,114,일반/국평형,"에스엠하이플러스(주),(주)아주엠앤씨"
부산광역시,부산광역시,해운대구,중동,해운대 마티안 디 에디션,2028,2028-11,99,일반/국평형,(주)에이치더블유
경기도,가평군,가평군 전체,설악면,썬밸리 오드카운티 가평설악,2028,2028-10,1039,일반/국평형,동광종합토건(주)
김포,풍무역세권,풍무역세권 전체,B5블록(경기도,김포 풍무역세권 B5블록 호반써밋,2028,2028-10,956,일반/국평형,(주)호반건설
경기도,평택시,평택시 전체,고덕동,고덕신도시 아테라 A-63블록 공공분양주택,2028,2028-10,630,일반/국평형,한국토지주택공사 경기남부지역본부
충청북도,청주시,흥덕구,송절동,청주테크노폴리스 하트리움 더 메트로(S4블록),2028,2028-10,599,일반/국평형,디케이테크노피에프브이(주)
강원특별자치도,춘천시,춘천시 전체,동면,춘천 동문 디 이스트 어반포레,2028,2028-10,569,일반/국평형,우리자산신탁 주식회사
경상북도,안동시,안동시 전체,옥동,더샵 안동더퍼스트,2028,2028-10,493,일반/국평형,코리아신탁(주)
광주연구개발특구,첨단3지구,첨단3지구 전체,A8블록(전라남도,호반써밋 첨단3지구(A8BL),2028,2028-10,449,일반/국평형,첨단678피에프브이 주식회사
경기도,이천시,이천시 전체,증포동,이천 증포5지구 칸타빌 에듀파크,2028,2028-10,355,일반/국평형,"디더블유대원주식회사,디더블유대원에이치주식회사"
경기도,용인시,처인구,고림동,용인 고림 동문 디 이스트,2028,2028-10,350,일반/국평형,신영부동산신탁 주식회사
경상북도,김천시,김천시 전체,율곡동,김천혁신도시 동일하이빌 파크레인,2028,2028-10,349,일반/국평형,(주)한국토지신탁
경기도,부천시,소사구,괴안동,쌍용 더 플래티넘 온수역,2028,2028-10,230,일반/국평형,괴안3디구역재개발정비사업조합
부산광역시,부산광역시,동래구,명륜동,동래사적공원 오네뜨,2028,2028-10,110,일반/국평형,코리아신탁(주)
경상남도,함안군,함안군 전체,가야읍,함안가야 휴니온아르떼,2028,2028-10,92,일반/국평형,비에이치아이건설(주)
대구광역시,대구광역시,수성구,수성동,범어역 파크드림 디아르,2028,2028-10,47,일반/국평형,광명아파트주택재건축정비사업조합
부산광역시,부산광역시,강서구,강동동,에코델타시티 푸르지오 트레파크(11BL),2028,2028-09,1370,일반/국평형,"부산도시공사,(주)대우건설,(주)에이치제이중공업,(주)삼미건설,(주)한창이엔씨,지원건설(주)"
경기도,구리시,구리시 전체,갈매동,구리갈매역세권 A-1블록 신혼희망타운(공공분양)(본청약),2028,2028-09,1182,일반/국평형,한국토지주택공사 경기북부지역본부
충청남도,아산시,모종샛들지구,A1BL,아산모종 서한이다음 노블리스(A1BL),2028,2028-09,969,일반/국평형,(주)서한
인천광역시,인천광역시,부평구,부개동,두산위브앤수자인 부평 더퍼스트,2028,2028-09,514,일반/국평형,부개4구역주택재개발정비사업조합
울산광역시,울산광역시,울주군,범서읍,울산 다운2지구 유승한내들 에듀포레,2028,2028-09,507,일반/국평형,(주)유승종합건설
경상북도,영주시,영주시 전체,휴천동,효성해링턴 플레이스 영주 더리버,2028,2028-09,445,일반/국평형,주식회사 하나자산신탁
경상남도,밀양시,부북지구,A-1BL,밀양 수자인 더퍼스트 1단지 공공분양주택,2028,2028-09,426,일반/국평형,주식회사비에스한양
경기도,남양주시,남양주시 전체,진접읍,남양주진접2지구 A-7블록 공공분양주택 입주자모집(본청약),2028,2028-09,405,일반/국평형,한국토지주택공사 경기북부지역본부
광주연구개발특구,첨단3지구,첨단3지구 전체,A7블록(광주광역시,호반써밋 첨단3지구(A7BL),2028,2028-09,356,일반/국평형,첨단678피에프브이 주식회사
경기도,과천시,과천시 전체,주암동,디에이치 아델스타,2028,2028-09,348,일반/국평형,주암장군마을 주택재개발정비사업조합
경기도,구리시,구리시 전체,갈매동,구리갈매역세권 A-4블록 6년 분양전환공공임대주택(본청약),2028,2028-09,309,일반/국평형,한국토지주택공사 경기북부지역본부
경기도,수원시,권선구,당수동,서수원 에피트 센트럴마크(M2BL),2028,2028-09,280,일반/국평형,코리아신탁(주)
경기도,수원시,장안구,영화동,두산위브 더센트럴 수원,2028,2028-09,275,일반/국평형,111다시3구역 주택재개발정비사업조합
경기도,구리시,구리시 전체,갈매동,구리갈매역세권 A-4블록 공공분양주택(본청약),2028,2028-09,251,일반/국평형,한국토지주택공사 경기북부지역본부
강원특별자치도,춘천시,춘천시 전체,삼천동,춘천 레이크시티 2차 아이파크,2028,2028-09,218,일반/국평형,주식회사 하나자산신탁
울산광역시,울산광역시,남구,야음동,울산 호수공원 에일린의 뜰 2단지,2028,2028-09,210,일반/국평형,아이에스동서(주)
경기도,수원시,권선구,당수동,서수원 에피트 센트럴마크(M1BL),2028,2028-09,190,일반/국평형,코리아신탁(주)
경상남도,밀양시,부북지구,S-2BL,밀양 수자인 더퍼스트 2단지 공공분양주택,2028,2028-09,114,일반/국평형,주식회사비에스한양
대구광역시,대구광역시,수성구,범어동,범어자이르네,2028,2028-09,103,일반/국평형,한국자산신탁(주)
서울특별시,서울특별시,강북구,미아동,더 리치먼드 미아,2028,2028-09,99,일반/국평형,우리자산신탁 주식회사
서울특별시,서울특별시,동대문구,제기동,제기동역 아이파크,2028,2028-09,82,일반/국평형,(주)하나자산신탁
인천광역시,인천광역시,서구,검단신도시,검단 센트레빌 에듀시티(AB8BL),2028,2028-08,1534,일반/국평형,동부건설(주)
경기도,김포시,김포시 전체,고촌읍,오퍼스 한강 스위첸,2028,2028-08,1029,일반/국평형,(주)한강시네폴리스개발
인천광역시,인천광역시,서구,검단신도시,검단호수공원역 중흥S-클래스,2028,2028-08,1010,일반/국평형,주식회사 새솔건설
충청남도,천안시,서북구,부대동,천안 아이파크 시티 2단지,2028,2028-08,977,일반/국평형,주식회사 하나자산신탁
강원특별자치도,원주시,원주시 전체,남원주역세권,원주역 우미 린 더 스카이,2028,2028-08,900,일반/국평형,우미건설(주)
울산광역시,울산광역시,중구,반구동,태화강 센트럴 아이파크,2028,2028-08,704,일반/국평형,한국자산신탁(주)
경기도,김포시,김포시 전체,풍무동,해링턴플레이스 풍무(1BL),2028,2028-08,670,일반/국평형,우리자산신탁 주식회사
경기도,김포시,김포시 전체,풍무동,해링턴플레이스 풍무(2BL),2028,2028-08,664,일반/국평형,우리자산신탁 주식회사
행정중심복합도시,5-1생활권,5-1생활권 전체,L1블록(세종특별자치시,행정중심복합도시 5-1L1블록 공공분양주택,2028,2028-08,643,일반/국평형,한국토지주택공사 세종특별본부
경기도,남양주시,남양주시 전체,진접읍,남양주왕숙 A1블록 공공분양주택(본청약),2028,2028-08,629,일반/국평형,한국토지주택공사 경기북부지역본부
충청남도,홍성군,홍성군 전체,홍북읍,e편한세상 내포 에듀플라츠(공공주택),2028,2028-08,605,일반/국평형,충청남도개발공사
서울특별시,서울특별시,구로구,고척동,고척 푸르지오 힐스테이트,2028,2028-08,576,일반/국평형,고척제4주택재개발정비사업조합
인천광역시,인천광역시,중구,운남동,영종국제도시 신일 비아프 크레스트(2단지),2028,2028-08,516,일반/국평형,(주)한국토지신탁
인천광역시,인천광역시,중구,운남동,영종국제도시 신일 비아프 크레스트(1단지),2028,2028-08,444,일반/국평형,(주)한국토지신탁
경상남도,창원시,진해구,자은동,트리븐 창원,2028,2028-08,434,일반/국평형,한국투자부동산신탁 주식회사
강원특별자치도,삼척시,삼척시 전체,교동,트리븐 삼척,2028,2028-08,418,일반/국평형,대한토지신탁(주)
경기도,남양주시,남양주시 전체,진접읍,남양주왕숙 A-2블록 신혼희망타운(공공분양)(본청약),2028,2028-08,401,일반/국평형,한국토지주택공사 경기북부지역본부
경기도,시흥시,시흥시 전체,시흥거모,시흥거모지구 대방 엘리움 더 루체Ⅰ(S-2BL),2028,2028-08,382,일반/국평형,대방산업개발 주식회사
경기도,안양시,동안구,관양동,안양 에버포레 자연앤 e편한세상(A2BL),2028,2028-08,344,일반/국평형,경기주택도시공사
서울특별시,서울특별시,강서구,방화동,래미안 엘라비네,2028,2028-08,272,일반/국평형,방화6재정비촉진구역 주택재건축정비사업조합
경기도,시흥시,시흥시 전체,시흥거모,시흥거모지구 대방 엘리움 더 루체Ⅱ(B-2BL),2028,2028-08,270,일반/국평형,대방산업개발 주식회사
경기도,김포시,김포시 전체,풍무동,해링턴플레이스 풍무(3BL),2028,2028-08,239,일반/국평형,우리자산신탁 주식회사
부산광역시,부산광역시,해운대구,중동,해운대경동리인뷰,2028,2028-08,166,일반/국평형,(주)경동소재
부산광역시,부산광역시,동래구,온천동,쌍용 더 플래티넘 동래 아시아드,2028,2028-08,137,일반/국평형,온천제2공영아파트일원가로주택정비사업조합
충청남도,홍성군,홍성군 전체,홍북읍,e편한세상 내포 에듀플라츠(민영주택),2028,2028-08,122,일반/국평형,충청남도개발공사
서울특별시,서울특별시,강남구,역삼동,역삼센트럴자이,2028,2028-08,87,일반/국평형,"역삼동(758, 은하수,760)주택재건축정비사업조합"
경기도,안양시,동안구,관양동,안양 에버포레 자연앤 e편한세상(A1BL),2028,2028-08,60,일반/국평형,경기주택도시공사
경기도,부천시,소사구,송내동,중동역 다채로움 더원,2028,2028-08,39,일반/국평형,송내동 성우아파트 소규모재건축정비사업조합
서울특별시,서울특별시,노원구,월계동,서울원 아이파크,2028,2028-07,1856,일반/국평형,에이치디씨현대산업개발 주식회사
경기도,고양시,일산동구,장항동,고양 장항 카이브 유보라,2028,2028-07,1694,일반/국평형,(주)반도건설
경기도,평택시,평택시 전체,브레인시티,평택 브레인시티 10BL 앤네이처 미래도,2028,2028-07,1413,일반/국평형,브레인시티10피에프브이 주식회사
경기도,화성시,화성시 전체,산척동,동탄 포레파크 자연앤 푸르지오(A76-2BL)(국민),2028,2028-07,1121,일반/국평형,경기주택도시공사
경기도,남양주시,남양주시 전체,진접읍,남양주진접2지구 A-1블록 공공분양주택 입주자모집(본청약),2028,2028-07,920,일반/국평형,한국토지주택공사 경기북부지역본부
경기도,용인고림지구,용인고림지구 전체,H5BL(경기도,용인 고진역 대광로제비앙,2028,2028-07,860,일반/국평형,"(주)디케이랜드,(주)화인뷰"
경상남도,양산시,양산시 전체,평산동,양산자이 파크팰리체,2028,2028-07,842,일반/국평형,한국투자부동산신탁 주식회사
경기도,김포시,김포시 전체,풍무동,풍무역 롯데캐슬 시그니처,2028,2028-07,720,일반/국평형,(주)무궁화신탁
경상남도,김해시,김해시 전체,신문동,더샵 신문그리니티 2차,2028,2028-07,695,일반/국평형,신영부동산신탁 주식회사
경기도,화성시,화성시 전체,오산동,화성동탄2지구 C-14블록 6년 분양전환공공임대주택(본청약),2028,2028-07,610,일반/국평형,한국토지주택공사 경기남부지역본부
인천광역시,인천광역시,서구,검단신도시,검단호수공원역 파라곤(AA36BL),2028,2028-07,569,일반/국평형,(주)동양건설산업
경기도,화성시,화성시 전체,남양읍,화성 남양뉴타운 우미 린 에듀하이,2028,2028-07,556,일반/국평형,(주)우미산업개발
경기도,화성시,화성시 전체,산척동,동탄 포레파크 자연앤 푸르지오(A76-2BL)(민영),2028,2028-07,403,일반/국평형,경기주택도시공사
경기도,시흥시,시흥시 전체,하중동,시흥하중 A4블록 신혼희망타운(공공분양)(본청약),2028,2028-07,390,일반/국평형,한국토지주택공사 경기남부지역본부
경상남도,창원시,의창구,창원명곡,엘리프 창원,2028,2028-07,349,일반/국평형,(주)케이알산업
인천광역시,인천광역시,서구,가정동,인천가정2지구 B2블록 공공분양주택(후속사업),2028,2028-07,308,일반/국평형,한국토지주택공사 인천지역본부
경기도,김포시,김포시 전체,고촌읍,김포고촌2지구 A1블록 공공분양주택,2028,2028-07,262,일반/국평형,한국토지주택공사 경기북부지역본부
서울특별시,서울특별시,마포구,아현동,마포 에피트 어바닉,2028,2028-07,163,일반/국평형,코리아신탁(주)
강원특별자치도,강릉시,강릉시 전체,홍제동,강릉 성보필리오 더센트럴힐즈,2028,2028-07,148,일반/국평형,홍제지역주택조합
서울특별시,서울특별시,중구,황학동,청계 노르웨이숲,2028,2028-07,97,일반/국평형,황학동청계지역주택조합
경기도,부천시,원미구,원미동,부천역 에피트 어바닉,2028,2028-07,93,일반/국평형,장미연립가로주택정비사업조합
전북특별자치도,전주시,완산구,중노송동,더샵 라비온드,2028,2028-06,1426,일반/국평형,기자촌구역주택재개발정비사업조합
인천광역시,인천광역시,부평구,산곡1동,해링턴 스퀘어 산곡역,2028,2028-06,1248,일반/국평형,산곡재개발정비사업조합
경기도,화성시,화성시 전체,산척동,동탄 꿈의숲 자연앤 데시앙(A78BL),2028,2028-06,1170,일반/국평형,경기주택도시공사
경상남도,진주시,진주시 전체,가좌동,아너스 웰가 진주,2028,2028-06,840,일반/국평형,신영부동산신탁 주식회사
경기도,평택시,평택시 전체,통복동,더 플래티넘 스카이헤론,2028,2028-06,784,일반/국평형,교보자산신탁(주)
부산광역시,부산광역시,강서구,강동동,에코델타시티 중흥S-클래스 에듀리버,2028,2028-06,728,일반/국평형,중흥에스클래스주식회사
인천광역시,인천광역시,연수구,송도동,힐스테이트 레이크 송도 5차,2028,2028-06,722,일반/국평형,송도랜드마크시티 유한회사
경기도,과천시,과천시 전체,주암동,과천주암지구 C2블록 신혼희망타운(공공분양)(본청약),2028,2028-06,686,일반/국평형,한국토지주택공사 경기남부지역본부
경기도,안성시,아양지구,B-2블록,안성 아양지구 B-2블록 금성백조 예미지,2028,2028-06,657,일반/국평형,(주)금성백조주택
경기도,남양주시,남양주시 전체,진접읍,왕숙 푸르지오 더 퍼스트 2단지 공공분양주택(본청약),2028,2028-06,587,일반/국평형,한국토지주택공사
울산광역시,울산광역시,남구,신정동,힐스테이트 문수로 센트럴,2028,2028-06,566,일반/국평형,한국투자부동산신탁 주식회사
경기도,의정부시,의정부시 전체,녹양동,의정부우정 A1블록 공공분양주택(본청약),2028,2028-06,538,일반/국평형,한국토지주택공사 경기북부지역본부
강원특별자치도,원주시,원주시 전체,남원주역세권,원주역 중흥S-클래스,2028,2028-06,508,일반/국평형,중봉건설 주식회사
충청북도,청주시,상당구,남주동,청주 남주 대원칸타빌 더 시엘,2028,2028-06,460,일반/국평형,남주동8구역 가로주택정비사업조합
부산광역시,부산광역시,동구,범일2동,e편한세상 범일 국제금융시티,2028,2028-06,384,일반/국평형,범일3구역재개발정비사업조합
전북특별자치도,전주시,덕진구,송천동,송천 아르티엠 더 숲,2028,2028-06,244,일반/국평형,주식회사 우경주택건설
경기도,고양시,일산동구,식사동,식사 푸르지오 파크센트,2028,2028-06,36,일반/국평형,식사동지역주택조합
경기도,고양시,일산동구,식사동,식사 푸르지오 파크센트(조합원 취소분),2028,2028-06,23,일반/국평형,식사동지역주택조합
경기도,수원시,장안구,이목동,북수원이목지구 대방 디에트르 더 리체Ⅱ(A3BL),2028,2028-05,1744,일반/국평형,"디비토건(주),디비하우징(주),디비종합개발(주)"
경기도,평택시,평택시 전체,장안동,브레인시티 메디스파크 로제비앙 모아엘가,2028,2028-05,1215,일반/국평형,주식회사 디케이월드
경기도,군포시,벌터·마벨지구,금정동,금정역 푸르지오 그랑블,2028,2028-05,1072,일반/국평형,(주)무궁화신탁
경기도,이천시,이천시 전체,부발읍,이천 부발역 에피트,2028,2028-05,671,일반/국평형,한국투자부동산신탁 주식회사
충청북도,청주시,서원구,장성동,신분평 더웨이시티 제일풍경채,2028,2028-05,655,일반/국평형,유한회사 에이치엠서빈
울산광역시,울산광역시,울주군,범서읍,울산다운2지구 A-10블록 공공분양주택,2028,2028-05,579,일반/국평형,한국토지주택공사 부산울산지역본부
대전광역시,대전광역시,유성구,봉명동,유성 하늘채 하이에르,2028,2028-05,562,일반/국평형,코리아신탁(주)
경기도,남양주시,남양주시 전체,진접읍,왕숙 푸르지오 더 퍼스트 1단지 공공분양주택(본청약),2028,2028-05,560,일반/국평형,한국토지주택공사
경기도,군포시,군포시 전체,군포대야미,대야미역 금강펜테리움 레이크포레(B1BL),2028,2028-05,452,일반/국평형,(주)금강주택
울산광역시,울산광역시,남구,야음동,울산 호수공원 에일린의 뜰 1단지,2028,2028-05,310,일반/국평형,아이에스동서(주)
부산광역시,부산광역시,연제구,연산동,센텀파크 SK VIEW,2028,2028-05,309,일반/국평형,우리자산신탁 주식회사
경기도,안성시,안성시 전체,옥산동,안성 아양지구 B-3-1BL 영무예다음,2028,2028-05,288,일반/국평형,주식회사 더와이
충청북도,충주시,충주시 전체,연수동,충주연수 경남아너스빌 센터원,2028,2028-05,243,일반/국평형,에스엠자산개발(주)건설부문
경기도,안양시,만안구,박달2동,호현 센트럴 아이파크,2028,2028-05,144,일반/국평형,신한아파트 재건축정비사업조합
부산광역시,부산광역시,남구,대연동,경성대부경대역 비스타동원 더 프리미엄,2028,2028-05,103,일반/국평형,대연맨션소규모주택재건축정비사업조합
경기도,평택시,평택시 전체,장안동,브레인시티 푸르지오,2028,2028-04,1990,일반/국평형,(주)평택브레인시티3피에프브이
인천광역시,인천광역시,미추홀구,학익동,시티오씨엘 6단지,2028,2028-04,1734,일반/국평형,신한자산신탁 주식회사
경기도,여주시,여주시 전체,홍문동,여주역 로제비앙 더센텀,2028,2028-04,744,일반/국평형,주식회사 세종아이앤디
경기도,수원시,권선구,당수1지구,엘리프 한신더휴 수원 D3블록(본청약),2028,2028-04,640,일반/국평형,"수원당수피에프브이 주식회사,계룡건설산업(주)"
인천광역시,인천광역시,연수구,송도동,송도자이풍경채 그라노블 5단지,2028,2028-04,610,일반/국평형,송도국제화복합단지개발(주)
인천광역시,인천광역시,연수구,송도동,송도자이풍경채 그라노블 3단지,2028,2028-04,597,일반/국평형,송도국제화복합단지개발(주)
인천광역시,인천광역시,연수구,송도동,송도자이풍경채 그라노블 4단지,2028,2028-04,504,일반/국평형,송도국제화복합단지개발(주)
인천광역시,인천광역시,중구,사동,e편한세상 동인천 베이프런트,2028,2028-04,492,일반/국평형,인천여상주변재개발정비사업조합
경기도,양평군,양평군 전체,양평읍,효성해링턴 플레이스 양평,2028,2028-04,455,일반/국평형,(주)한국토지신탁
경기도,의왕시,의왕시 전체,월암동,의왕월암 A-3블록 신혼희망타운(공공분양)(본청약),2028,2028-04,424,일반/국평형,한국토지주택공사 경기남부지역본부
경기도,의왕시,의왕시 전체,청계동,의왕청계2 A1블록 신혼희망타운(공공분양)(본청약),2028,2028-04,320,일반/국평형,한국토지주택공사 경기남부지역본부
경기도,성남시,수정구,복정동,성남복정1지구 B1블록 복정역 에피트,2028,2028-04,315,일반/국평형,성남복정1피에프브이(주)
강원특별자치도,"무실동,","무실동, 전체",판부면,원주무실지구 A-2블록 공공분양주택,2028,2028-04,295,일반/국평형,한국토지주택공사 강원지역본부
광주광역시,광주광역시,동구,산수동,무등산 경남아너스빌 디원,2028,2028-04,293,일반/국평형,에스엠스틸(주) 건설부문
경기도,남양주시,남양주시 전체,진접읍,남양주진접2지구 B-1블록 공공분양(본청약),2028,2028-04,260,일반/국평형,한국토지주택공사 경기북부지역본부
경기도,남양주시,남양주시 전체,진접읍,남양주진접2 지구 A-4블록 신혼희망타운(공공분양) 입주자모집(본청약),2028,2028-04,255,일반/국평형,한국토지주택공사 경기북부지역본부
경기도,남양주시,남양주시 전체,진접읍,남양주진접2 지구 A-3블록 신혼희망타운(공공분양)(본청약),2028,2028-04,208,일반/국평형,한국토지주택공사 경기북부지역본부
인천광역시,인천광역시,연수구,청학동,송도역 한신더휴 프레스턴,2028,2028-04,208,일반/국평형,송도영남아파트주택재건축정비사업조합
서울특별시,서울특별시,동작구,사당동,힐스테이트 이수역센트럴,2028,2028-04,170,일반/국평형,사당3동지역주택조합
인천광역시,인천광역시,부평구,삼산동,두산위브 더센트럴 부평,2028,2028-04,141,일반/국평형,삼산대보아파트구역주택재건축정비사업조합
제주특별자치도,제주시,제주시 전체,연동,이안 연동스퀘어,2028,2028-04,96,일반/국평형,주식회사 아델
경기도,의왕시,의왕시 전체,월암동,의왕월암 A-3블록 신혼희망타운(공공분양) 추가입주자 모집,2028,2028-04,77,일반/국평형,한국토지주택공사 경기남부지역본부
인천광역시,인천광역시,부평구,삼산동,두산위브 더센트럴 부평(조합원 취소분),2028,2028-04,41,일반/국평형,삼산대보아파트구역주택재건축정비사업조합
경기도,남양주시,남양주시 전체,진접읍,남양주진접2지구 A-4블록 신혼희망타운(공공분양) 잔여세대 추가입주자모집공고,2028,2028-04,5,일반/국평형,한국토지주택공사 경기북부지역본부
충청남도,아산시,아산시 전체,탕정면,탕정 푸르지오 센터파크,2028,2028-03,1416,일반/국평형,(주)대우건설
부산광역시,부산광역시,강서구,강동동,에코델타시티 아테라(24BL),2028,2028-03,1025,일반/국평형,"부산도시공사,금호건설주식회사,주식회사대성문,수근종합건설(주),주식회사가화건설,(주)다원앤컴퍼니"
경기도,고양시,일산동구,장항동,고양장항지구 S-1블록 공공분양주택 (본청약),2028,2028-03,869,일반/국평형,한국토지주택공사 경기북부지역본부
충청북도,청주시,상당구,지북동,청주지북지구 B1블록 공공분양주택,2028,2028-03,757,일반/국평형,한국토지주택공사 충북지역본부
세종특별자치시,합강동,합강동 전체,22-28번지,세종 5-1 양우내안애 아스펜,2028,2028-03,698,일반/국평형,(주)무궁화신탁
인천광역시,인천광역시,미추홀구,학익동,인하대역 푸르지오 에듀포레,2028,2028-03,689,일반/국평형,학익3구역주택재개발정비사업조합
인천광역시,인천광역시,서구,검단신도시,엘리프 검단 포레듀(AA32블록),2028,2028-03,669,일반/국평형,계룡건설산업(주)
충청북도,청주시,상당구,방서동,동남 하늘채 에디크 공공분양주택,2028,2028-03,650,일반/국평형,한국토지주택공사
전북특별자치도,전주시,완산구,평화동,전주 라온프라이빗 퍼스티브,2028,2028-03,507,일반/국평형,코리아신탁(주)
경상남도,김해시,김해시 전체,진례면,김해진례 C-1블록 공공분양주택,2028,2028-03,387,일반/국평형,한국토지주택공사 경남지역본부
인천광역시,인천광역시,강화군,선원면,두산위브 센트럴파크 강화,2028,2028-03,371,일반/국평형,강화2지역주택조합
울산광역시,울산광역시,남구,신정동,문수로 센트레빌 에듀리체,2028,2028-03,368,일반/국평형,(주)영우디앤씨
경기도,남양주시,남양주시 전체,와부읍,덕소역 라온프라이빗 리버포레,2028,2028-03,348,일반/국평형,덕소2구역주택재개발정비사업조합
대전광역시,대전광역시,서구,월평동,둔산 해링턴 플레이스 리버파크,2028,2028-03,336,일반/국평형,우리자산신탁 주식회사
경기도,평택시,평택시 전체,팽성읍,더 플래티넘 파인애비뉴,2028,2028-03,321,일반/국평형,평택송화지구현대지역주택조합
전라남도,해남군,해남군 전체,해남읍,해남 남외리 정하 에코프라임,2028,2028-03,305,일반/국평형,"정하에스테이트(주),정하토건(주)"
서울특별시,서울특별시,은평구,갈현동,연신내 양우내안애 퍼스티지,2028,2028-03,239,일반/국평형,코리아신탁(주)
경기도,용인시,기흥구,영덕동,용인 플랫폼시티 라온프라이빗 아르디에,2028,2028-03,238,일반/국평형,코리아신탁(주)
강원특별자치도,춘천시,춘천시 전체,약사동,쌍용 더 플래티넘 스카이,2028,2028-03,228,일반/국평형,대한토지신탁(주)
강원특별자치도,강릉시,강릉시 전체,홍제동,강릉 영무예다음 어반포레,2028,2028-03,148,일반/국평형,홍제지역주택조합
부산광역시,부산광역시,기장군,기장읍,기장 이진캐스빌 포레,2028,2028-03,138,일반/국평형,이진종합건설(주)
서울특별시,서울특별시,영등포구,당산동,e편한세상 당산 리버파크,2028,2028-03,111,일반/국평형,유원제일1차아파트 주택재건축정비사업조합
경기도,부천시,오정구,원종동,중앙하이츠 원종역,2028,2028-03,78,일반/국평형,원종동성락아파트가로주택정비사업조합
경기도,김포시,김포시 전체,북변동,한강 수자인 오브센트,2028,2028-02,2116,일반/국평형,북변4구역주택재개발정비사업조합
경기도,용인시,처인구,남동,용인 푸르지오 원클러스터 2단지,2028,2028-02,1804,일반/국평형,코리아신탁(주)
충청남도,천안시,서북구,업성동,e편한세상 성성호수공원,2028,2028-02,1498,일반/국평형,주식회사 하나자산신탁
충청남도,아산시,아산시 전체,탕정면,아산탕정자이 센트럴시티(A2BL),2028,2028-02,1238,일반/국평형,교보자산신탁(주)
경기도,양주시,양주시 전체,남방동,양주역 푸르지오 센터파크,2028,2028-02,1172,일반/국평형,(주)대우건설
울산광역시,울산광역시,남구,신정동,라엘에스,2028,2028-02,1073,일반/국평형,남구비08구역주택재개발정비사업조합
충청남도,천안시,서북구,성성동,성성자이 레이크파크,2028,2028-02,883,일반/국평형,교보자산신탁(주)
경기도,양주시,회천지구,A10-1BL,회천중앙역 파라곤,2028,2028-02,845,일반/국평형,주식회사 이지건설
경기도,이천시,이천시 전체,부발읍,부발역 에피트 에디션,2028,2028-02,706,일반/국평형,에이치엘디앤아이한라 주식회사
경기도,고양시,덕양구,주교동,고양 더샵포레나,2028,2028-02,636,일반/국평형,원당1구역주택재개발정비사업조합
충청북도,청주시,흥덕구,문암동,청주테크노폴리스 아테라 2차(A7BL),2028,2028-02,576,일반/국평형,청주테크노폴리스주택개발피에프브이(주)
울산광역시,울산광역시,남구,야음동,힐스테이트 선암호수공원 1단지,2028,2028-02,438,일반/국평형,교보자산신탁(주)
세종특별자치시,합강동,합강동 전체,5101-9번지,엘리프 세종 스마트시티,2028,2028-02,424,일반/국평형,"계룡건설산업(주),(주)원건설산업,(주)동광도시건설"
전북특별자치도,전주시,덕진구,고랑동,북전주 광신프로그레스,2028,2028-02,352,일반/국평형,(주)광신주택
경기도,평택시,평택시 전체,고덕동,고덕 자연앤 하우스디(A4BL)(국민),2028,2028-02,328,일반/국평형,경기주택도시공사
경기도,용인시,처인구,남동,용인 푸르지오 원클러스터 3단지,2028,2028-02,239,일반/국평형,코리아신탁(주)
충청남도,천안시,서북구,성성동,성성자이 레이크파크(2회차),2028,2028-02,221,일반/국평형,교보자산신탁(주)
울산광역시,울산광역시,남구,야음동,힐스테이트 선암호수공원 2단지,2028,2028-02,193,일반/국평형,교보자산신탁(주)
경기도,평택시,평택시 전체,고덕동,고덕 자연앤 하우스디(A4BL)(민영),2028,2028-02,189,일반/국평형,경기주택도시공사
경기도,화성특례시,화성특례시 전체,동탄2,동탄 그웬 160 (동탄2 B11BL),2028,2028-02,160,일반/국평형,코리아신탁(주)
충청남도,서산시,서산시 전체,읍내동,서산 휴리움 레이크파크,2028,2028-02,150,일반/국평형,서부연립가로주택정비사업조합
경기도,평택시,평택시 전체,장안동,평택 브레인시티 한신더휴,2028,2028-01,991,일반/국평형,한신브레인시티피에프브이(주)
인천광역시,인천광역시,연수구,옥련동,래미안 센트리폴(2BL),2028,2028-01,819,일반/국평형,삼성물산(주)
경기도,고양시,덕양구,원흥동,고양창릉지구 S-5블록 공공분양주택(본청약),2028,2028-01,759,일반/국평형,한국토지주택공사 경기북부지역본부
인천광역시,인천광역시,연수구,옥련동,래미안 센트리폴(1BL),2028,2028-01,706,일반/국평형,삼성물산(주)
경기도,고양시,덕양구,원흥동,고양창릉지구 A-4블록 신혼희망타운(공공분양)(본청약),2028,2028-01,603,일반/국평형,한국토지주택공사 경기북부지역본부
경기도,평택시,평택시 전체,합정동,힐스테이트 평택역센트럴시티,2028,2028-01,599,일반/국평형,합정주공835번지일대주택재건축 정비사업 조합
충청북도,청주시,흥덕구,문암동,청주테크노폴리스 힐데스하임 더원(S3블록),2028,2028-01,543,일반/국평형,주식회사 청주테크노폴리스에스쓰리피에프브이
울산광역시,울산광역시,남구,무거동,무거 비스타동원,2028,2028-01,481,일반/국평형,"(주)동원개발,(주)세명종합개발"
경기도,부천시,부천시 전체,대장동,부천대장 A7블록 공공분양(본청약),2028,2028-01,473,일반/국평형,한국토지주택공사 인천지역본부
충청남도,논산시,논산시 전체,취암동,트리븐 논산,2028,2028-01,429,일반/국평형,(주)한국토지신탁
경기도,부천시,오정구,대장동,부천대장 A8블록 공공분양(본청약),2028,2028-01,392,일반/국평형,한국토지주택공사 인천지역본부
경기도,부천시,오정구,원종동,엘리프 원종,2028,2028-01,98,일반/국평형,원종공항연립가로주택정비사업조합
경기도,안양시,만안구,석수동,만안역 중앙하이츠 포레,2028,2028-01,47,일반/국평형,석수동적성아파트가로주택정비사업조합
광주광역시,광주광역시,남구,송하동,광주 송암공원 중흥S-클래스 SK VIEW,2027,2027-12,1575,일반/국평형,케이비부동산신탁(주)
경기도,성남시,중원구,중앙동,해링턴 스퀘어 신흥역,2027,2027-12,1319,일반/국평형,성남중1구역 도시환경정비사업조합
경기도,성남시,수정구,산성동,산성역 헤리스톤,2027,2027-12,1224,일반/국평형,산성구역주택재개발정비사업조합
대전광역시,대전광역시,유성구,학하동,힐스테이트 도안리버파크 3단지,2027,2027-12,1223,일반/국평형,주식회사 하나자산신탁
인천광역시,인천광역시,연수구,옥련동,래미안 센트리폴(3BL),2027,2027-12,1024,일반/국평형,삼성물산(주)
인천광역시,인천광역시,서구,검단신도시,검단신도시 푸르지오 더 파크,2027,2027-12,919,일반/국평형,주식회사 하나자산신탁
충청남도,천안시,서북구,성성동,천안 아이파크 시티,2027,2027-12,892,일반/국평형,신한자산신탁 주식회사
경기도,평택시,평택시 전체,평택브레인시티,평택 브레인시티 수자인,2027,2027-12,889,일반/국평형,주식회사 비에스산업
경기도,김포시,김포시 전체,북변동,김포 북변 우미 린 파크리브,2027,2027-12,831,일반/국평형,북변3구역주택재개발정비사업조합
충청남도,아산시,아산시 전체,탕정면,아산탕정자이 퍼스트시티,2027,2027-12,797,일반/국평형,교보자산신탁(주)
경기도,양주시,양주시 전체,덕계동,덕계역 한신더휴 포레스트,2027,2027-12,724,일반/국평형,한국자산신탁(주)
경기도,의왕시,의왕시 전체,월암동,의왕 월암지구 대방 디에트르 레이크파크,2027,2027-12,702,일반/국평형,디비건설(주)
경기도,용인시,처인구,남사읍,힐스테이트 용인마크밸리,2027,2027-12,660,일반/국평형,(주)무궁화신탁
경기도,의정부시,의정부시 전체,금오동,의정부 푸르지오 클라시엘,2027,2027-12,656,일반/국평형,우리자산신탁 주식회사
경기도,안양시,동안구,비산3동,평촌자이 퍼스니티,2027,2027-12,570,일반/국평형,뉴타운맨션삼호아파트지구주택재건축정비사업조합
경기도,군포시,군포시 전체,군포대야미,군포대야미 대방 디에트르 시그니처(B3BL),2027,2027-12,568,일반/국평형,대방건설(주)외1
경기도,수원시,권선구,당수1지구,엘리프 한신더휴 수원 C3블록(본청약),2027,2027-12,440,일반/국평형,"수원당수피에프브이 주식회사,계룡건설산업(주)"
경기도,고양시,덕양구,원흥동,고양창릉지구 S-6블록 공공분양주택(본청약),2027,2027-12,430,일반/국평형,한국토지주택공사 경기북부지역본부
부산광역시,부산광역시,기장군,장안읍,부산 장안지구 우미 린 프리미어,2027,2027-12,419,일반/국평형,(주)우미글로벌
충청남도,천안시,서북구,두정동,천안 두정역 양우내안애 퍼스트로,2027,2027-12,416,일반/국평형,광문개발(주)
경기도,평택시,평택시 전체,현덕면,평택화양 서희스타힐스 센트럴파크 2차,2027,2027-12,390,일반/국평형,평택화양센트럴지역주택조합
부산광역시,부산광역시,사하구,감천동,사하 경남아너스빌 시그니처,2027,2027-12,380,일반/국평형,(주)티케이케미칼
충청남도,천안시,서북구,성성동,천안 아이파크 시티 1단지(2회차),2027,2027-12,234,일반/국평형,신한자산신탁 주식회사
경기도,성남시,분당구,정자동,더샵 분당하이스트,2027,2027-12,143,일반/국평형,느티마을4단지 리모델링주택조합
경상남도,창원시,성산구,신촌동,성산 더리브 포레스트,2027,2027-12,143,일반/국평형,교보자산신탁(주)
서울특별시,서울특별시,강동구,둔촌동,올림픽파크 서한포레스트,2027,2027-12,109,일반/국평형,(주)원천기업
광주광역시,광주광역시,남구,봉선동,봉선동 르오네뜨 2차,2027,2027-12,56,일반/국평형,남해종합건설 주식회사
인천광역시,인천광역시,계양구,효성동,계양 롯데캐슬 파크시티 1단지,2027,2027-11,1964,일반/국평형,케이비부동산신탁(주)
강원특별자치도,원주시,원주시 전체,원동,원주 푸르지오 더 센트럴,2027,2027-11,1273,일반/국평형,원동다박골주택재개발정비사업조합
인천광역시,인천광역시,계양구,효성동,계양 롯데캐슬 파크시티 2단지(공 4블럭),2027,2027-11,1089,일반/국평형,케이비부동산신탁(주)
울산광역시,울산광역시,남구,야음동,번영로 하늘채 라크뷰,2027,2027-11,803,일반/국평형,(주)무궁화신탁
경기도,성남시,수정구,금토동,성남금토 A-4블록 신혼희망타운(공공분양)(본청약),2027,2027-11,766,일반/국평형,한국토지주택공사 경기남부지역본부
경기도,파주시,파주시 전체,문산읍,문산역3차 동문 디 이스트 센트럴,2027,2027-11,748,일반/국평형,파주문산3리지구 주택재개발정비사업조합
경기도,의정부시,의정부시 전체,금오동,의정부 롯데캐슬 나리벡시티,2027,2027-11,671,일반/국평형,신한자산신탁주식회사
제주특별자치도,제주시,제주시 전체,오라이동,위파크 제주 2단지,2027,2027-11,643,일반/국평형,신영부동산신탁 주식회사
경기도,부천시,부천시 전체,부천대장,e편한세상 대장 퍼스티움(부천대장 A-5BL) 신혼희망타운(공공분양),2027,2027-11,638,일반/국평형,한국토지주택공사
제주특별자치도,제주시,제주시 전체,오라이동,위파크 제주 1단지,2027,2027-11,617,일반/국평형,신영부동산신탁 주식회사
경기도,안산시,단원구,고잔동,롯데캐슬 시그니처 중앙,2027,2027-11,511,일반/국평형,주공5단지2구역주택재건축정비사업조합
대전광역시,대전광역시,중구,문화동,대전 문화공원 수자인,2027,2027-11,509,일반/국평형,케이비부동산신탁(주)
경기도,부천시,부천시 전체,부천대장,e편한세상 대장 퍼스티움(부천대장 A-6BL) 신혼희망타운(공공분양),2027,2027-11,461,일반/국평형,한국토지주택공사인천지역본부
경기도,의왕시,의왕시 전체,월암동,의왕월암 A-1블록 신혼희망타운(공공분양)(본청약),2027,2027-11,446,일반/국평형,한국토지주택공사 경기남부지역본부
경기도,광명시,광명시 전체,소하동,광명 유승한내들 라포레,2027,2027-11,444,일반/국평형,(주)유승종합건설
경기도,오산시,오산시 전체,벌음동,오산 세교2지구 A12블록 공공분양주택 입주자모집,2027,2027-11,433,일반/국평형,"금호건설(주),한국토지주택공사"
대전광역시,대전광역시,동구,가오동,대전 롯데캐슬 더퍼스트,2027,2027-11,394,일반/국평형,가오동2구역 재건축정비사업조합
경기도,양주시,양주시 전체,은현면,양주 용암 영무 예다음 더퍼스트,2027,2027-11,285,일반/국평형,양주용암3지구지역주택조합
울산광역시,울산광역시,울주군,범서읍,울산태화강변지구 A-2블록 공공분양주택,2027,2027-11,277,일반/국평형,한국토지주택공사 부산울산지역본부
전북특별자치도,순창군,순창군 전체,순창읍,대상 웰라움 순창,2027,2027-11,264,일반/국평형,교보자산신탁(주)
울산광역시,울산광역시,울주군,서생면,울산 진하 한양립스 그랑블루,2027,2027-11,212,일반/국평형,진하오션뷰 지역주택조합
부산광역시,부산광역시,동래구,수안동,동래 롯데캐슬 시그니처,2027,2027-11,164,일반/국평형,수안지역주택조합
광주광역시,광주광역시,광산구,하산동,한양립스 에듀포레,2027,2027-11,118,일반/국평형,송정리버파크지역주택조합
경기도,의왕시,의왕시 전체,월암동,의왕월암 A-1블록 신혼희망타운(공공분양) 추가입주자 모집,2027,2027-11,111,일반/국평형,한국토지주택공사 경기남부지역본부
대전광역시,대전광역시,동구,가오동,대전 롯데캐슬 더퍼스트(조합원 취소분),2027,2027-11,89,일반/국평형,가오동2구역 재건축정비사업조합
경기도,구리시,구리시 전체,수택동,구리 한양립스,2027,2027-11,68,일반/국평형,수택지역주택조합
부산광역시,부산광역시,동래구,수안동,동래 롯데캐슬 시그니처(조합원 취소분),2027,2027-11,8,일반/국평형,수안지역주택조합
경기도,의정부시,의정부시 전체,의정부동,더샵 의정부역 링크시티,2027,2027-10,1401,일반/국평형,"(주)링크시티피에프브이,(주)포스코이앤씨"
충청남도,아산시,아산탕정지구,도시개발구역,더샵 탕정인피니티시티 3차,2027,2027-10,975,일반/국평형,한국자산신탁(주)
경기도,양주시,양주시 전체,백석읍,양주 백석 모아엘가 그랑데,2027,2027-10,929,일반/국평형,한아건설 주식회사
대전광역시,대전광역시,서구,괴정동,둔산 엘리프 더센트럴,2027,2027-10,864,일반/국평형,(주)케이티에스테이트
서울특별시,서울특별시,강동구,상일동,고덕강일 대성베르힐,2027,2027-10,613,일반/국평형,디에스종합건설(주)
경상북도,안동시,안동시 전체,용상동,안동 용상 하늘채 리버스카이,2027,2027-10,548,일반/국평형,(주)한국토지신탁
경기도,광명시,광명시 전체,광명5동,광명 롯데캐슬 시그니처,2027,2027-10,533,일반/국평형,광명제9알(R)구역 주택재개발정비사업조합
경기도,화성시,화성시 전체,화성비봉,화성 비봉지구 B1블록 금성백조 예미지2차,2027,2027-10,530,일반/국평형,(주)금성백조건설
부산광역시,부산광역시,강서구,에코델타시티,부산에코델타시티 대방 엘리움 리버뷰,2027,2027-10,470,일반/국평형,디아이건설주식회사
인천광역시,인천광역시,동구,송림동,리아츠 더 인천,2027,2027-10,342,일반/국평형,송림6구역재개발정비사업조합
경기도,과천시,과천시 전체,별양동,프레스티어자이,2027,2027-10,287,일반/국평형,과천주공4단지주택재건축정비사업조합
전라남도,순천시,순천시 전체,용당동,순천 한양립스 파크포레,2027,2027-10,209,일반/국평형,용당더숲지역주택조합
서울특별시,서울특별시,노원구,공릉동,서울공릉지구 공공분양주택,2027,2027-10,209,일반/국평형,한국토지주택공사 서울지역본부
부산광역시,부산광역시,해운대구,재송동,e편한세상 센텀 하이베뉴,2027,2027-10,166,일반/국평형,재송2구역 재건축정비사업조합
경기도,수원시,팔달구,우만동,효성해링턴 플레이스 동수원,2027,2027-10,162,일반/국평형,(주)무궁화신탁
서울특별시,서울특별시,서초구,방배동,아크로 리츠카운티,2027,2027-10,140,일반/국평형,방배삼익아파트 주택재건축정비사업조합
서울특별시,서울특별시,노원구,공릉동,서울공릉 신혼희망타운(공공분양),2027,2027-10,139,일반/국평형,한국토지주택공사 서울지역본부
광주광역시,광주광역시,남구,진월동,진월 더리브 라포레,2027,2027-10,111,일반/국평형,진월동지역주택조합
경기도,화성시,화성시 전체,화성,화성 동탄2 주상복합용지 C28BL 리젠시빌란트(사전청약),2027,2027-10,108,일반/국평형,(주)리젠시빌주택
경기도,성남시,분당구,정자동,더샵 분당티에르원,2027,2027-10,102,일반/국평형,느티마을3단지 리모델링주택조합
서울특별시,서울특별시,노원구,공릉동,서울공릉지구 신혼희망타운(공공분양) 추가 입주자 모집공고,2027,2027-10,3,일반/국평형,한국토지주택공사 서울지역본부
경상북도,포항시,남구,대잠동,힐스테이트 더샵 상생공원 2단지,2027,2027-09,1668,일반/국평형,우리자산신탁 주식회사
대전광역시,대전광역시,유성구,학하동,힐스테이트 도안리버파크 2단지,2027,2027-09,1222,일반/국평형,주식회사 하나자산신탁
충청북도,청주시,상당구,용암동,원봉공원 힐데스하임,2027,2027-09,1211,일반/국평형,주식회사 정각
경상북도,포항시,남구,대잠동,힐스테이트 더샵 상생공원 1단지,2027,2027-09,999,일반/국평형,우리자산신탁 주식회사
경기도,이천시,이천시 전체,안흥동,이천 롯데캐슬 센트럴 페라즈 스카이,2027,2027-09,801,일반/국평형,(주)무궁화신탁
경기도,수원시,장안구,이목동,북수원이목지구 대방 디에트르 더 리체Ⅰ,2027,2027-09,768,일반/국평형,디비이엔씨(주) 외 1
경상남도,김해시,김해시 전체,구산동,김해 구산 롯데캐슬 시그니처,2027,2027-09,714,일반/국평형,대신자산신탁 주식회사
대전광역시,대전광역시,유성구,용계동,도안 푸르지오 디아델 29블록,2027,2027-09,578,일반/국평형,케이비부동산신탁(주)
부산광역시,부산광역시,남구,문현동,문현 푸르지오 트레시엘,2027,2027-09,561,일반/국평형,한국토지주택공사
대전광역시,대전광역시,유성구,용계동,도안 푸르지오 디아델 31블록,2027,2027-09,556,일반/국평형,케이비부동산신탁(주)
대전광역시,대전광역시,중구,대흥동,대전 르에브 스위첸 2단지,2027,2027-09,551,일반/국평형,대흥2구역주택재개발정비사업조합
경기도,가평군,가평군 전체,청평면,청평 수자인 더퍼스트,2027,2027-09,551,일반/국평형,대한토지신탁주식회사
전라남도,순천시,순천시 전체,덕암동,순천 지에이그린웰 하이드원,2027,2027-09,475,일반/국평형,그린웰산업 주식회사
경기도,가평군,가평군 전체,가평읍,자라섬 수자인 리버페스타,2027,2027-09,381,일반/국평형,(주)한국토지신탁
대전광역시,대전광역시,중구,대흥동,대전 르에브 스위첸 1단지,2027,2027-09,319,일반/국평형,대흥2구역주택재개발정비사업조합
부산광역시,부산광역시,부산진구,부암동,서면 어반센트 데시앙,2027,2027-09,211,일반/국평형,메디컬카운티지역주택조합
부산광역시,부산광역시,수영구,광안동,광안센텀 비스타동원,2027,2027-09,208,일반/국평형,광안지역주택조합
전북특별자치도,전주시,덕진구,인후동,전주 인후동 마루힐 센트럴,2027,2027-09,199,일반/국평형,첨단아이비씨 주식회사
인천광역시,인천광역시,중구,신흥동,숭의역 라온프라이빗 스카이브,2027,2027-09,170,일반/국평형,인천 신흥동3가 지역주택조합
경기도,용인시,처인구,남동,용인 푸르지오 원클러스터 1단지,2027,2027-08,1681,일반/국평형,(주)남동타운피에프브이
충청북도,청주시,흥덕구,송절동,청주테크노폴리스 아테라(A8블록),2027,2027-08,1450,일반/국평형,청주테크노폴리스주택개발피에프브이(주)
대전광역시,대전광역시,중구,문화동,문화자이SKVIEW,2027,2027-08,1207,일반/국평형,문화동8구역주택재개발정비사업조합
충청남도,천안시,서북구,서부역7길,힐스테이트 천안역 스카이움,2027,2027-08,999,일반/국평형,(주)무궁화신탁
경기도,부천시,부천시 전체,소사본동,소사역 롯데캐슬 더 뉴엘,2027,2027-08,983,일반/국평형,부천소사피에프브이 주식회사
경기도,오산시,오산시 전체,양산동,힐스테이트 오산더클래스,2027,2027-08,970,일반/국평형,신영부동산신탁 주식회사
광주광역시,광주광역시,서구,풍암동,중앙공원 롯데캐슬 시그니처 1BL,2027,2027-08,929,일반/국평형,한국자산신탁(주)
광주광역시,광주광역시,서구,풍암동,중앙공원 롯데캐슬 시그니처 2-2BL,2027,2027-08,928,일반/국평형,한국자산신탁(주)
대전광역시,대전광역시,유성구,학하동,힐스테이트 도안리버파크 1단지,2027,2027-08,891,일반/국평형,주식회사 하나자산신탁
경기도,오산시,오산시 전체,양산동,롯데캐슬 위너스포레,2027,2027-08,834,일반/국평형,스마트시티오산 지역주택조합
충청북도,청주시,청원구,오창읍,더샵 오창프레스티지,2027,2027-08,644,일반/국평형,주식회사 하나자산신탁
경기도,파주시,파주시 전체,목동동,파주운정3 지구 A20블록 공공분양주택(본청약),2027,2027-08,612,일반/국평형,한국토지주택공사 경기북부지역본부
경기도,광주시,광주시 전체,곤지암읍,곤지암역 제일풍경채,2027,2027-08,565,일반/국평형,신영부동산신탁 주식회사
광주광역시,광주광역시,서구,금호동,중앙공원 롯데캐슬 시그니처 2-1BL,2027,2027-08,507,일반/국평형,한국자산신탁(주)
경기도,광주시,광주시 전체,장지동,광주태전 경남아너스빌 리미티드,2027,2027-08,404,일반/국평형,경남기업(주)
대전광역시,대전광역시,유성구,복용동,힐스테이트 도안리버파크 5단지,2027,2027-08,393,일반/국평형,주식회사 하나자산신탁
충청북도,충주시,충주시 전체,호암동,한화포레나 충주호암,2027,2027-08,173,일반/국평형,용산주공아파트 주택재건축정비사업조합
충청북도,충주시,충주시 전체,호암동,한화포레나 충주호암(조합원 취소분),2027,2027-08,148,일반/국평형,용산주공아파트 주택재건축정비사업조합
경기도,부천시,소사구,괴안동,엘리프 역곡,2027,2027-08,44,일반/국평형,대현청실 외2 가로주택정비사업조합
경기도,용인시,처인구,포곡읍,용인 둔전역 에피트,2027,2027-07,1275,일반/국평형,코리아신탁주식회사
경기도,시흥시,시흥시 전체,은행동,시흥 롯데캐슬 시그니처 1블록,2027,2027-07,1230,일반/국평형,한국자산신탁(주)
강원특별자치도,속초시,속초시 전체,금호동,더샵 속초프라임뷰,2027,2027-07,1024,일반/국평형,우리자산신탁 주식회사
전라남도,순천시,순천시 전체,풍덕동,순천그랜드파크자이,2027,2027-07,997,일반/국평형,한국투자부동산신탁 주식회사
경기도,시흥시,시흥시 전체,은행동,시흥 롯데캐슬 시그니처 2블록,2027,2027-07,903,일반/국평형,한국자산신탁(주)
울산광역시,울산광역시,중구,다운동,울산 다운2지구 우미 린 어반파크,2027,2027-07,731,일반/국평형,우미건설(주)
경기도,광명시,광명시 전체,광명동,광명자이힐스테이트SKVIEW,2027,2027-07,639,일반/국평형,광명제5R구역주택재개발정비사업조합
부산광역시,부산광역시,사하구,당리동,더샵 당리센트리체,2027,2027-07,358,일반/국평형,당리승학지역주택조합
울산광역시,울산광역시,울주군,범서읍,태화강 에피트,2027,2027-07,307,일반/국평형,에이치엘디앤아이한라 주식회사
전라남도,해남군,해남군 전체,해남읍,파크레스트 해남,2027,2027-07,294,일반/국평형,(주)일레븐건설
서울특별시,서울특별시,성동구,성수동,오티에르 포레,2027,2027-07,88,일반/국평형,케이비부동산신탁(주)
서울특별시,서울특별시,금천구,시흥동,한신더휴 하이엔에듀포레,2027,2027-07,78,일반/국평형,(주)무궁화신탁
경기도,부천시,오정구,오정동,오정 해모로 스마트시티(조합원 취소분),2027,2027-07,48,일반/국평형,오정613가로주택정비사업조합
경기도,부천시,오정구,오정동,오정 해모로 스마트시티,2027,2027-07,47,일반/국평형,오정613가로주택정비사업조합
충청북도,청주시,서원구,사직동,힐스테이트 어울림 청주사직,2027,2027-06,1675,일반/국평형,사직3구역주택재개발정비사업조합
대전광역시,대전광역시,서구,가장동,힐스테이트 가장더퍼스트,2027,2027-06,1339,일반/국평형,도마변동1재정비촉진구역주택재개발정비사업조합
대구광역시,대구광역시,북구,학정동,두산위브더제니스 센트럴시티,2027,2027-06,1098,일반/국평형,신영부동산신탁 주식회사
경기도,이천시,이천시 전체,장호원읍,이천시 장호원읍 5년 공공건설임대주택(카사펠리스이천) 임차인모집,2027,2027-06,930,일반/국평형,주식회사 벽제산업개발
부산광역시,부산광역시,사상구,엄궁동,더샵 리오몬트,2027,2027-06,866,일반/국평형,엄궁3구역주택재개발정비사업조합
경기도,시흥시,시흥시 전체,정왕동,힐스테이트 더웨이브시티,2027,2027-06,851,일반/국평형,한국투자부동산신탁 주식회사
대전광역시,대전광역시,동구,성남동,대전 성남 우미린 뉴시티,2027,2027-06,776,일반/국평형,성남동1구역재개발정비사업조합
경기도,여주시,여주시 전체,교동,여주역자이 헤리티지,2027,2027-06,769,일반/국평형,교보자산신탁(주)
인천광역시,인천광역시,서구,검단지구,인천 검단신도시 AB20-2블록 중흥S-클래스 에듀파크(본청약),2027,2027-06,719,일반/국평형,중흥건설(주)
광주광역시,광주광역시,북구,동림동,운암산공원 우미린 리버포레,2027,2027-06,660,일반/국평형,주식회사 운암파크린
인천광역시,인천광역시,연수구,송도동,송도자이풍경채 그라노블 2단지,2027,2027-06,548,일반/국평형,송도국제화복합단지개발(주)
부산광역시,부산광역시,기장군,장안읍,부산 장안지구 B-2블록 중흥S-클래스(본청약),2027,2027-06,488,일반/국평형,중흥산업개발(주)
경기도,수원시,권선구,당수로,수원당수 A5블록 신혼희망타운(공공분양)(본청약),2027,2027-06,484,일반/국평형,한국토지주택공사 경기남부지역본부
강원특별자치도,춘천시,춘천시 전체,동면,춘천 아테라 에듀파크,2027,2027-06,477,일반/국평형,주식회사 하나자산신탁
인천광역시,인천광역시,연수구,송도동,송도자이풍경채 그라노블 1단지,2027,2027-06,469,일반/국평형,송도국제화복합단지개발(주)
경기도,화성시,화성시 전체,오산동,동탄2신도시 동탄역 대방 엘리움 더 시그니처(C18BL),2027,2027-06,464,일반/국평형,엘리움주택 주식회사
경기도,성남시,수정구,복정1지구,성남 복정1지구 B3블록 엘리프 남위례역 에듀포레(본청약),2027,2027-06,367,일반/국평형,(주)한국토지신탁
제주특별자치도,제주시,제주시 전체,연동,신제주 동문디이스트 시그니처원Ⅱ,2027,2027-06,196,일반/국평형,코리아신탁(주)
경기도,수원시,권선구,금곡동,수원당수지구 A5블록 신혼희망타운(공공분양) 추가 입주자모집,2027,2027-06,142,일반/국평형,한국토지주택공사 경기남부지역본부
서울특별시,서울특별시,영등포구,신길동,서울대방 신혼희망타운 공공분양(본청약),2027,2027-06,122,일반/국평형,한국토지주택공사 서울지역본부
인천광역시,인천광역시,서구,석남동,석남역 센트럴파크 그랑베르,2027,2027-06,101,일반/국평형,동우아파트가로주택정비사업조합
전라남도,여수시,여수시 전체,신기동,e편한세상 여수 글렌츠,2027,2027-06,81,일반/국평형,신기주공지역주택조합
서울특별시,서울특별시,노원구,공릉동,하우스토리 센트럴포레,2027,2027-06,40,일반/국평형,(주)무궁화신탁
서울특별시,서울특별시,영등포구,신길동,서울대방 신혼희망타운(공공분양) 잔여세대 입주자모집공고,2027,2027-06,2,일반/국평형,한국토지주택공사 서울지역본부
부산광역시,부산광역시,강서구,에코델타시티,부산에코델타시티 디에트르 그랑루체(13BL),2027,2027-05,1470,일반/국평형,대방하우징(주)
충청남도,천안시,동남구,용곡동,천안 일봉공원 호반써밋 센트럴파크(2BL),2027,2027-05,1284,일반/국평형,한국자산신탁(주)
경기도,평택시,평택시 전체,고덕동,고덕국제신도시 서한이다음 그레이튼,2027,2027-05,1138,일반/국평형,(주) 서한
광주광역시,광주광역시,광산구,산월동,봉산공원 첨단 제일풍경채,2027,2027-05,948,일반/국평형,신영부동산신탁 주식회사
충청남도,계룡시,계룡시 전체,엄사면,계룡 펠리피아,2027,2027-05,823,일반/국평형,유한회사 창조개발
경기도,고양시,일산동구,장항동,고양 장항 아테라,2027,2027-05,760,일반/국평형,금호건설(주)외3사
경기도,과천시,과천시 전체,지식정보타운,과천 디에트르 퍼스티지(S2BL),2027,2027-05,740,일반/국평형,대방건설 주식회사
경기도,광주시,광주시 전체,곤지암읍,힐스테이트 광주곤지암역,2027,2027-05,635,일반/국평형,신영부동산신탁주식회사
인천광역시,인천광역시,계양구,작전동,두산위브더제니스 센트럴 계양,2027,2027-05,620,일반/국평형,작전현대아파트구역재개발정비사업조합
인천광역시,인천광역시,중구,운남동,영종 진아레히,2027,2027-05,547,일반/국평형,한양영종피에프브이 주식회사
충청남도,부여군,부여군 전체,부여읍,부여 골드클래스,2027,2027-05,413,일반/국평형,보광에스케이건설 주식회사
경기도,광주시,광주시 전체,곤지암읍,곤지암역 센트럴 아이파크,2027,2027-05,347,일반/국평형,에이치디씨현대산업개발 주식회사
대전광역시,대전광역시,대덕구,읍내동,쌍용 더 플래티넘 네이처,2027,2027-05,334,일반/국평형,회덕지역주택조합
경기도,부천시,오정구,부천원종,원종 휴먼빌 클라츠,2027,2027-05,255,일반/국평형,일신건영(주)
울산광역시,울산광역시,중구,학성동,더샵 시에르네,2027,2027-05,231,일반/국평형,학성동지역주택조합
전라남도,나주시,나주시 전체,이창동,나주영산 윤슬의아침 더정원,2027,2027-05,140,일반/국평형,영산지역주택조합
전북특별자치도,전주시,덕진구,호성동,전주 에코시티 더 클래스,2027,2027-05,48,일반/국평형,(주)에코포르테
울산광역시,울산광역시,중구,학성동,더샵 시에르네(조합원 취소분),2027,2027-05,36,일반/국평형,학성동지역주택조합
부산광역시,부산광역시,남구,대연동,대연 디아이엘,2027,2027-04,2382,일반/국평형,대연3구역 주택재개발정비사업조합
경기도,평택시,화양지구,도시개발사업,신영지웰 평택화양,2027,2027-04,999,일반/국평형,"(주)신영화양지구개발피에프브이,(주)신영대농개발"
전라남도,여수시,죽림1지구,내,힐스테이트 죽림더프라우드 A2BL(공공분양주택),2027,2027-04,802,일반/국평형,"전남개발공사,현대건설(주),(주)길축산업개발"
제주특별자치도,제주시,제주시 전체,건입동,제주 중부공원 제일풍경채 센트럴파크,2027,2027-04,653,일반/국평형,케이비부동산신탁(주)
경기도,이천시,이천시 전체,송정동,이천자이 더 레브,2027,2027-04,635,일반/국평형,교보자산신탁(주)
경상남도,김해시,김해시 전체,삼계동,김해 삼계 푸르지오 센트럴파크,2027,2027-04,630,일반/국평형,신한자산신탁 주식회사
경기도,고양시,일산동구,식사동,휴먼빌 일산 클래스원,2027,2027-04,529,일반/국평형,일신건영(주)
경기도,파주시,운정3지구,A45블록(경기도,제일풍경채 운정,2027,2027-04,520,일반/국평형,파주운정45한신컨소시엄
서울특별시,서울특별시,성북구,삼선동,창경궁 롯데캐슬 시그니처,2027,2027-04,509,일반/국평형,삼선제5주택재개발정비사업조합
경상북도,구미시,구미시 전체,봉곡동,힐스테이트 구미더퍼스트,2027,2027-04,491,일반/국평형,한국투자부동산신탁 주식회사
충청북도,괴산군,괴산군 전체,괴산읍,괴산 미니복합타운 A2BL 대광로제비앙 (사전청약),2027,2027-04,355,일반/국평형,(주)포레지아
전라남도,여수시,죽림1지구,내,힐스테이트 죽림더프라우드 A4BL(공공분양주택),2027,2027-04,341,일반/국평형,"전남개발공사,현대건설(주),(주)길축산업개발"
강원특별자치도,강릉시,강릉시 전체,회산동,강릉 아테라,2027,2027-04,329,일반/국평형,한국투자부동산신탁 주식회사
강원특별자치도,강릉시,강릉시 전체,포남동,강릉 유블레스 리센트,2027,2027-04,226,일반/국평형,(주)무궁화신탁
인천광역시,인천광역시,서구,마전동,검단 스타힐스 가현숲,2027,2027-04,153,일반/국평형,마전지역주택조합
전라남도,여수시,죽림1지구,내,힐스테이트 죽림더프라우드 A2BL(민영주택),2027,2027-04,129,일반/국평형,"전남개발공사,현대건설(주),(주)길축산업개발"
경기도,성남시,분당구,미금로,더샵 분당센트로,2027,2027-04,84,일반/국평형,무지개마을4단지리모델링주택조합
경상북도,구미시,구미시 전체,도량동,구미 그랑포레 데시앙,2027,2027-03,1350,일반/국평형,"지엠파크(주),(주)태영건설"
부산광역시,부산광역시,기장군,일광읍,일광 노르웨이숲 오션포레,2027,2027-03,1294,일반/국평형,코리아신탁(주)
경기도,안성시,안성당왕지구,B-1블록,안성당왕 경남아너스빌 하이스트,2027,2027-03,976,일반/국평형,에스엠상선(주)
서울특별시,서울특별시,성북구,장위동,푸르지오 라디우스 파크,2027,2027-03,718,일반/국평형,장위6구역주택재개발정비사업조합
전북특별자치도,김제시,김제시 전체,검산동,김제 검산 예다음,2027,2027-03,648,일반/국평형,와이엠스테이
경기도,수원시,영통구,영통동,영통자이 센트럴파크,2027,2027-03,580,일반/국평형,교보자산신탁주식회사
경기도,용인시,처인구,삼가동,두산위브더제니스 센트럴 용인,2027,2027-03,568,일반/국평형,(주)레이스 이앤디
대전광역시,대전광역시,서구,도마동,도마 포레나해모로,2027,2027-03,568,일반/국평형,도마·변동9재정비촉진구역주택재개발정비사업조합
부산광역시,부산광역시,부산진구,양정동,양정 롯데캐슬 프론티엘,2027,2027-03,489,일반/국평형,양정3구역 주택재개발정비사업조합
서울특별시,서울특별시,마포구,공덕동,마포자이힐스테이트 라첼스,2027,2027-03,463,일반/국평형,공덕1구역주택재건축정비사업조합
경기도,양평군,양평군 전체,양평읍,양평 하늘채 센트로힐스,2027,2027-03,200,일반/국평형,양평덕평지구 지역주택조합
제주특별자치도,제주시,제주시 전체,연동,신제주 동문디이스트 시그니처원Ⅰ,2027,2027-03,182,일반/국평형,코리아신탁(주)
경기도,용인시,처인구,역북동,역북 서희스타힐스 프라임시티,2027,2027-03,134,일반/국평형,역북지역주택조합
서울특별시,서울특별시,마포구,아현동,마포 푸르지오 어반피스,2027,2027-03,122,일반/국평형,마포로3구역제3지구도시정비형재개발조합
경기도,양주시,양주시 전체,삼숭동,더 플래티넘 센트럴포레,2027,2027-03,112,일반/국평형,"삼숭지역주택조합,쌍용건설주식회사"
경기도,고양시,일산동구,풍동,e편한세상 일산 메이포레 1단지,2027,2027-03,112,일반/국평형,식사풍동1단지지역주택조합
서울특별시,서울특별시,용산구,이촌동,이촌 르엘,2027,2027-03,88,일반/국평형,이촌동 현대아파트 리모델링주택조합
경기도,고양시,일산동구,풍동,e편한세상 일산 메이포레 3단지,2027,2027-03,35,일반/국평형,식사풍동3단지지역주택조합
경기도,용인시,처인구,역북동,역북 서희스타힐스 프라임시티(조합원 취소분),2027,2027-03,5,일반/국평형,역북지역주택조합
경기도,평택시,평택시 전체,장안동,평택 브레인시티 중흥S-클래스,2027,2027-02,1980,일반/국평형,주식회사 평택브레인시티일피에프브이
경기도,평택시,가재지구,도시개발사업,지제역 반도체밸리 해링턴 플레이스,2027,2027-02,1209,일반/국평형,평택가재피에프브이(주)
충청남도,아산시,아산시 전체,배방읍,배방 필하우스 리버시티,2027,2027-02,1083,일반/국평형,대유산업(주)
충청남도,아산시,아산탕정지구,도시개발구역,더샵 탕정인피니티시티 2차,2027,2027-02,1050,일반/국평형,한국자산신탁(주)
인천광역시,인천광역시,서구,불로동,제일풍경채 검단Ⅳ,2027,2027-02,1048,일반/국평형,인천검단3차피에프브이(주)
인천광역시,인천광역시,중구,중산동,"인천 영종국제도시 RC4-1,2BL 주상복합 (사전청약)",2027,2027-02,868,일반/국평형,디비종합건설 주식회사
대전광역시,대전광역시,중구,선화동,힐스테이트 선화 더와이즈,2027,2027-02,851,일반/국평형,우리자산신탁 주식회사
서울특별시,서울특별시,성동구,용답동,청계리버뷰자이,2027,2027-02,797,일반/국평형,용답동주택재개발정비사업조합
인천검단시,서구,서구 전체,불로동,검단아테라자이,2027,2027-02,709,일반/국평형,(주)인천검단부천괴안주택위탁관리부동산투자회사
경기도,오산시,오산시 전체,벌음동,오산세교 힐데스하임(A20블록)(본청약),2027,2027-02,679,일반/국평형,(주)원건설산업
경기도,평택시,평택시 전체,진위면,진위역 서희스타힐스 더 파크뷰,2027,2027-02,639,일반/국평형,엘지로 지역주택조합
부산광역시,부산광역시,기장군,장안지구,부산장안지구 디에트르 디 오션(B3BL) 본청약,2027,2027-02,489,일반/국평형,대방주택 주식회사
대구광역시,대구광역시,달서구,본리동,달서자이 제니크,2027,2027-02,360,일반/국평형,교보자산신탁(주)
부산광역시,부산광역시,금정구,부곡동,더샵 금정위버시티,2027,2027-02,308,일반/국평형,금정더샵지역주택조합
울산광역시,울산광역시,남구,신정동,힐스테이트 문수로 센트럴 2단지,2027,2027-02,301,일반/국평형,한국투자부동산신탁 주식회사
울산광역시,울산광역시,남구,신정동,힐스테이트 문수로 센트럴 1단지,2027,2027-02,301,일반/국평형,한국투자부동산신탁 주식회사
경기도,수원시,장안구,연무동,서광교 한라비발디 레이크포레,2027,2027-02,285,일반/국평형,코리아신탁(주)
강원특별자치도,원주시,원주시 전체,단구동,원주 모아엘가 그랑데,2027,2027-02,281,일반/국평형,단구동14통주택재개발정비사업조합
울산광역시,울산광역시,남구,신정동,더폴 울산신정,2027,2027-02,168,일반/국평형,(주)우성종합건설
부산광역시,부산광역시,동래구,온천동,동래 에코팰리스 아시아드,2027,2027-02,160,일반/국평형,(주)지민건설
경기도,성남시,수정구,금토동,성남 금토지구 A-3블록 판교테크노밸리 중흥S-클래스(본청약),2027,2027-02,119,일반/국평형,세종건설산업(주)
경기도,평택시,평택시 전체,진위면,진위역 서희스타힐스 더 파크뷰(3차),2027,2027-02,53,일반/국평형,엘지로 지역주택조합
부산광역시,부산광역시,금정구,부곡동,더샵 금정위버시티(조합원 취소분),2027,2027-02,30,일반/국평형,금정더샵지역주택조합
경기도,평택시,가재지구,도시개발사업,지제역 반도체밸리 쌍용더플래티넘,2027,2027-01,1340,일반/국평형,평택가재피에프브이(주)
경기도,평택시,평택시 전체,장안동,평택 브레인시티 5BL 대광로제비앙 그랜드센텀,2027,2027-01,1182,일반/국평형,브레인시티5피에프브이 주식회사
충청북도,청주시,흥덕구,송절동,신영지웰 푸르지오 테크노폴리스 센트럴,2027,2027-01,1034,일반/국평형,(주)무궁화신탁
충남,내포신도시,내포신도시 전체,RH16BL(충청남도,e편한세상 내포 퍼스트드림(선택형 분양전환공공임대주택),2027,2027-01,949,일반/국평형,충청남도개발공사
충청북도,청주시,흥덕구,가경동,청주 가경 아이파크 6단지,2027,2027-01,946,일반/국평형,에이치디씨현대산업개발 주식회사
경상북도,안동시,안동시 전체,옥동,위파크 안동 호반,2027,2027-01,820,일반/국평형,(주)호반건설
전라남도,광양시,광양시 전체,마동,더샵 광양레이크센텀 (1회차),2027,2027-01,717,일반/국평형,교보자산신탁(주)
전북특별자치도,전주시,덕진구,송천동,에코시티 더샵4차,2027,2027-01,576,일반/국평형,(주)포스코이앤씨
전라남도,광양시,광양시 전체,마동,더샵 광양레이크센텀 (2회차),2027,2027-01,208,일반/국평형,교보자산신탁(주)
경기도,부천시,소사구,괴안동,부천아테라자이(부천괴안지구 B-2블록),2027,2027-01,200,일반/국평형,(주)인천검단부천괴안주택위탁관리부동산투자회사
울산광역시,울산광역시,중구,우정동,울산 우정 한라비발디,2027,2027-01,198,일반/국평형,울산우정동 지역주택조합
울산광역시,울산광역시,중구,우정동,울산 우정 에피트(조합원 취소분),2027,2027-01,55,일반/국평형,울산우정동 지역주택조합
제주특별자치도,제주시,제주시 전체,조천읍,PH159,2027,2027-01,49,일반/국평형,신영부동산신탁 주식회사
대전광역시,대전광역시,중구,선화동,선화동 참좋은아파트 우선분양전환 후 잔여세대(2차),2027,2027-01,2,일반/국평형,동건종합건설(주)
부산광역시,부산광역시,남구,우암동,해링턴 마레,2026,2026-12,1382,일반/국평형,우암1구역주택재개발정비사업조합
인천광역시,인천광역시,서구,연희동,인천 연희공원 호반써밋 파크에디션,2026,2026-12,1370,일반/국평형,연희파크 주식회사
경기도,고양시,일산동구,장항동,고양 장항 제일풍경채,2026,2026-12,1184,일반/국평형,주식회사 고양장항1피에프브이
충청남도,아산시,아산탕정지구,도시개발구역,더샵 탕정인피니티시티,2026,2026-12,1140,일반/국평형,한국자산신탁(주)
충청남도,보령시,보령시 전체,동대동,보령 엘리체 헤리티지,2026,2026-12,971,일반/국평형,에스이앤씨유한회사
광주광역시,광주광역시,북구,매곡동,힐스테이트 중외공원 2블록,2026,2026-12,785,일반/국평형,(주)한국토지신탁
인천광역시,인천광역시,계양구,귤현동,인천계양지구 A-2블록 공공분양주택(본청약),2026,2026-12,747,일반/국평형,한국토지주택공사 인천지역본부
전라북도,군산시,군산시 전체,지곡동,군산 레이크시티 아이파크,2026,2026-12,722,일반/국평형,신한자산신탁 주식회사
광주광역시,광주광역시,북구,매곡동,힐스테이트 중외공원 3블록,2026,2026-12,681,일반/국평형,(주)한국토지신탁
경기도,양주시,양주시 전체,회정동,회천중앙역 로제비앙 그랜드센텀,2026,2026-12,642,일반/국평형,(주)대광건영
경기도,수원시,권선구,수원당수,수원 당수지구 D3블록(사전청약),2026,2026-12,593,일반/국평형,(주)태영건설
전북특별자치도,익산시,익산시 전체,부송동,익산 부송 아이파크,2026,2026-12,511,일반/국평형,주식회사 하나자산신탁
대전광역시,대전광역시,중구,문화동,e편한세상 서대전역 센트로,2026,2026-12,495,일반/국평형,문화2구역재개발정비사업조합
인천,검단신도시,검단신도시 전체,AB13블록,인천 검단신도시 AB13블록 호반써밋Ⅲ(본청약),2026,2026-12,492,일반/국평형,티에스리빙 주식회사
경기도,용인시,기흥구,서천동,영통역자이 프라시엘,2026,2026-12,472,일반/국평형,교보자산신탁(주)
경기도,성남시,수정구,창곡동,위례 A2-7블록 신혼희망타운(공공분양) (본청약),2026,2026-12,440,일반/국평형,한국토지주택공사 서울지역본부
부산광역시,부산광역시,부산진구,가야동,힐스테이트 가야 1단지,2026,2026-12,406,일반/국평형,우리자산신탁 주식회사
경기도,수원시,권선구,수원당수,수원 당수지구 C3블록(사전청약),2026,2026-12,385,일반/국평형,(주)태영건설
인천광역시,인천광역시,계양구,귤현동,인천계양 A3블록 신혼희망타운(공공분양)(본청약),2026,2026-12,359,일반/국평형,한국토지주택공사 인천지역본부
전북특별자치도,군산시,군산시 전체,경장동,효성해링턴 플레이스 군산,2026,2026-12,275,일반/국평형,한국자산신탁(주)
전라북도,전주시,덕진구,송천동,에코시티 한양수자인 디에스틴 주상복합,2026,2026-12,268,일반/국평형,케이비부동산신탁주식회사
강원특별자치도,홍천군,홍천군 전체,홍천읍,홍천 에듀포레 휴티스,2026,2026-12,239,일반/국평형,한국투자부동산신탁 주식회사
인천광역시,인천광역시,미추홀구,용현동,용현 우방 아이유쉘 센트럴마린,2026,2026-12,196,일반/국평형,용현5동새한아파트재건축정비사업조합
전북특별자치도,군산시,군산시 전체,양안로,군산 세경아파트 우선분양전환 후 잔여세대,2026,2026-12,153,일반/국평형,세경산업주식회사
부산광역시,부산광역시,부산진구,가야동,힐스테이트 가야 2단지,2026,2026-12,81,일반/국평형,우리자산신탁 주식회사
광주광역시,광주광역시,남구,월산동,두산위브 트레지움 월산,2026,2026-12,71,일반/국평형,남구수박등지역주택조합
전라남도,목포시,목포시 전체,석현동,하당 르파르크 시그니처,2026,2026-12,70,일반/국평형,주식회사 케이유건설
경기도,성남시,수정구,창곡동,위례 A2-7블록 신혼희망타운(공공분양) 잔여세대,2026,2026-12,3,일반/국평형,한국토지주택공사 서울지역본부
전북특별자치도,전주시,완산구,서신동,서신 더샵 비발디,2026,2026-11,1225,일반/국평형,서신동감나무골주택재개발정비사업조합
울산광역시,울산광역시,울주군,범서읍,울산 다운2지구 우미린 더 시그니처 본청약,2026,2026-11,1109,일반/국평형,(주)우미개발
부산광역시,부산광역시,강서구,강동동,부산 에코델타시티 16블록 중흥S-클래스,2026,2026-11,1067,일반/국평형,중봉산업개발(주)
경기도,이천시,중리지구,중리동,이천 중리지구 B3블록 금성백조 예미지,2026,2026-11,1009,일반/국평형,(주)금성백조주택
경기도,평택시,평택시 전체,현덕면,평택 푸르지오 센터파인,2026,2026-11,851,일반/국평형,교보자산신탁(주)
경상북도,영주시,영주시 전체,상망동,영주자이 시그니처,2026,2026-11,763,일반/국평형,주식회사 하나자산신탁
경기도,평택시,화양지구,6-2BL(경기도,평택 화양 동문 디 이스트,2026,2026-11,753,일반/국평형,(주)미르앤에셋
경기도,의왕시,의왕시 전체,오전동,의왕 센트라인 데시앙,2026,2026-11,532,일반/국평형,오전나구역주택재개발정비사업조합
경기도,이천시,이천시 전체,증일동,이천 중리지구 A-2블록 신안인스빌 퍼스티지,2026,2026-11,523,일반/국평형,(주)관악
경기도,성남시,수정구,복정1지구,성남 복정1지구 B3블록(사전청약),2026,2026-11,417,일반/국평형,(주)보광종합건설
부산광역시,부산광역시,동래구,낙민동,동래 반도 유보라,2026,2026-11,400,일반/국평형,주식회사 하나자산신탁
충청남도,공주시,공주시 전체,월송동,공주월송지구 경남아너스빌,2026,2026-11,366,일반/국평형,에스엠상선(주)건설부문
경기도,용인시,처인구,포곡읍,용인 에버랜드역 칸타빌,2026,2026-11,348,일반/국평형,디더블유대원 주식회사
대전광역시,대전광역시,서구,가수원동,관저 푸르지오 센트럴파크 2단지,2026,2026-11,264,일반/국평형,신한자산신탁 주식회사
대전광역시,대전광역시,서구,관저동,관저 푸르지오 센트럴파크 1단지,2026,2026-11,264,일반/국평형,신한자산신탁 주식회사
강원특별자치도,강릉시,강릉시 전체,송정동,강릉자이르네 디오션,2026,2026-11,228,일반/국평형,한국투자부동산신탁㈜
울산광역시,울산광역시,남구,야음동,e편한세상 번영로 리더스포레,2026,2026-11,192,일반/국평형,코리아신탁(주)
충청남도,청양군,청양군 전체,청양읍,청양 금성백조 예미지 퍼스트클래스,2026,2026-11,182,일반/국평형,(주)금성백조주택
서울특별시,서울특별시,광진구,구의동,강변역 센트럴 아이파크,2026,2026-11,68,일반/국평형,(주)한국토지신탁
서울특별시,서울특별시,마포구,동교동,홍대입구역 센트럴 아르떼 해모로,2026,2026-11,52,일반/국평형,케이비부동산신탁(주)
광주연구개발특구,첨단3지구,첨단3지구 전체,A2블록(전라남도,첨단 제일풍경채 A2블록,2026,2026-10,1845,일반/국평형,주식회사 광주첨단3피에프브이
광주연구개발특구,첨단3지구,첨단3지구 전체,A1블록(전라남도,힐스테이트 첨단센트럴,2026,2026-10,1520,일반/국평형,주식회사 광주첨단3피에프브이
광주광역시,광주광역시,북구,삼각동,위파크 일곡공원,2026,2026-10,903,일반/국평형,일곡공원개발 주식회사
경기도,오산시,오산시 전체,가수동,오산역 금강펜테리움 센트럴파크(A8블록),2026,2026-10,730,일반/국평형,주식회사 하이아트
광주광역시,광주광역시,북구,월출동,첨단 제일풍경채 A5블록,2026,2026-10,584,일반/국평형,주식회사 광주첨단3피에프브이
서울특별시,서울특별시,은평구,대조동,힐스테이트 메디알레,2026,2026-10,483,일반/국평형,대조제1구역주택재개발정비사업조합
경기도,안양시,동안구,호계동,e편한세상 평촌 어반밸리,2026,2026-10,458,일반/국평형,주식회사 케이티앤지
충청남도,서산시,서산시 전체,석림동,서산 센트럴 아이파크,2026,2026-10,410,일반/국평형,에이치디씨현대산업개발 주식회사
인천광역시,인천광역시,서구,불로동,제일풍경채 검단Ⅲ 본청약,2026,2026-10,393,일반/국평형,(주)창암종합건설
대구광역시,대구광역시,중구,사일동,더샵 중앙로역센터폴,2026,2026-10,299,일반/국평형,케이비부동산신탁(주)
충청남도,홍성군,홍성군 전체,광천읍,홍성2차 승원팰리체 시그니처,2026,2026-10,293,일반/국평형,승원개발 주식회사
서울특별시,서울특별시,강서구,등촌동,힐스테이트 등촌역,2026,2026-10,274,일반/국평형,등촌1구역주택재건축정비사업조합
강원도,홍천군,홍천군 전체,홍천읍,스위트 클래스 더 스카이 45,2026,2026-10,264,일반/국평형,(주)무궁화신탁
전북특별자치도,완주군,완주군 전체,봉동읍,봉동 한양립스 센텀포레,2026,2026-10,256,일반/국평형,봉동지역주택조합
경상남도,밀양시,밀양시 전체,삼문동,삼문 시그니처 웰가,2026,2026-10,232,일반/국평형,대한토지신탁(주)
경기도,성남시,수정구,금토로,성남 금토지구 A-3블록 중흥S-클래스 (사전청약),2026,2026-10,229,일반/국평형,세종건설산업(주)
강원특별자치도,홍천군,홍천군 전체,홍천읍,대상 웰라움 홍천,2026,2026-10,200,일반/국평형,대신자산신탁 주식회사
울산광역시,울산광역시,남구,신정동,e편한세상 신정 스카이하임,2026,2026-10,158,일반/국평형,신영부동산신탁 주식회사
서울특별시,서울특별시,강남구,도곡동,래미안 레벤투스,2026,2026-10,133,일반/국평형,도곡삼호아파트재건축정비사업조합
경기도,파주시,운정3지구,A46BL,운정3 제일풍경채(A46BL) (본청약),2026,2026-10,121,일반/국평형,"(주)파주운정46피에프브이,(주)웰메이드스페이스"
제주특별자치도,서귀포시,서귀포시 전체,서홍동,서귀포시 서홍동 형남아파트6차,2026,2026-10,94,일반/국평형,(주)승미주택
서울특별시,서울특별시,동작구,신대방동,동작 보라매역 프리센트,2026,2026-10,91,일반/국평형,대신자산신탁 주식회사
울산광역시,울산광역시,울주군,온양읍,남울산 노르웨이숲(조합원 취소분)(2회차),2026,2026-10,52,일반/국평형,울산온양발리스타지역주택조합
경기도,부천시,오정구,여월동,여월 중앙하이츠 아르비채,2026,2026-10,37,일반/국평형,여월동 광남복지 가로주택정비사업조합
경기도,시흥시,시흥시 전체,은행동,시흥 은계 에피트,2026,2026-10,30,일반/국평형,신극동아파트 가로주택정비사업조합
경기도,시흥시,시흥시 전체,은행동,시흥 은계 에피트(조합원 취소분),2026,2026-10,24,일반/국평형,신극동아파트 가로주택정비사업조합
울산광역시,울산광역시,울주군,청량읍,문수데시앙2단지 공가세대 일반공급,2026,2026-10,22,일반/국평형,울산광역시도시공사
서울특별시,서울특별시,서초구,방배동,디에이치 방배,2026,2026-09,1244,일반/국평형,방배5구역주택재건축정비사업조합
강원특별자치도,강릉시,강릉시 전체,견소동,강릉 모아미래도 오션리버,2026,2026-09,561,일반/국평형,(주)미래도건설
강원특별자치도,춘천시,춘천시 전체,동면,춘천 금호어울림 더 퍼스트,2026,2026-09,543,일반/국평형,주식회사 하나자산신탁
경기도,양주시,양주회천지구,A12BL,회천중앙역 대광로제비앙(본청약),2026,2026-09,541,일반/국평형,공공제1호양주회천피에프브이(주)
충청남도,아산시,아산시 전체,신창면,아산 신창1차 광신프로그레스,2026,2026-09,450,일반/국평형,(주)유노산업
경기도,의정부시,의정부시 전체,신곡동,e편한세상 신곡 시그니처뷰,2026,2026-09,407,일반/국평형,장암생활권3구역주택재개발정비사업조합
광주광역시,광주광역시,북구,연제동,연제첨단 광신프로그레스,2026,2026-09,380,일반/국평형,(주)아람주택
경기도,파주시,파주시 전체,운정3,파주 운정3 이지더원(A44BL),2026,2026-09,379,일반/국평형,(주)이지종합개발
경기도,부천시,부천시 전체,송내동,송내역 푸르지오 센트비엔,2026,2026-09,225,일반/국평형,송내1-1구역주택재건축정비사업조합
경기도,안산시,단원구,고잔동,한화포레나 안산고잔2차,2026,2026-09,178,일반/국평형,고잔연립9구역 주택재건축 정비사업조합
부산광역시,부산광역시,연제구,거제동,거제역 양우내안애 아시아드,2026,2026-09,168,일반/국평형,케이비부동산신탁(주)
서울특별시,서울특별시,성북구,보문동,보문 센트럴 아이파크,2026,2026-09,87,일반/국평형,보문제5구역주택재개발정비사업조합
광주광역시,광주광역시,서구,마륵동,상무 양우내안에 퍼스트힐(조합원 취소분),2026,2026-09,72,일반/국평형,마륵동연화지역주택조합
광주광역시,광주광역시,북구,동림동,운암산공원 진아리채 그랑뷰,2026,2026-09,69,일반/국평형,운암산 진아리채 지역주택조합
인천광역시,인천광역시,부평구,갈산동,중앙하이츠 갈산역 센트럴,2026,2026-09,50,일반/국평형,백조아파트소규모재건축정비사업조합
경상남도,창원시,성산구,신월동,창원 센트럴 아이파크,2026,2026-09,36,일반/국평형,신월2주택재건축정비사업조합
경기도,평택시,평택시 전체,장안동,평택 브레인시티 2BL 대광로제비앙 모아엘가,2026,2026-08,1700,일반/국평형,주식회사 포레지아
충청남도,아산시,아산시 전체,탕정면,탕정 푸르지오 리버파크,2026,2026-08,1626,일반/국평형,케이비부동산신탁(주)
경기도,수원시,권선구,세류동,매교역 팰루시드,2026,2026-08,1234,일반/국평형,권선113의6구역주택재개발정비사업조합
강원특별자치도,춘천시,춘천시 전체,삼천동,춘천 레이크시티 아이파크,2026,2026-08,874,일반/국평형,주식회사 하나자산신탁
강원특별자치도,강릉시,강릉시 전체,견소동,강릉 오션시티 아이파크,2026,2026-08,794,일반/국평형,주식회사 하나자산신탁
광주광역시,광주광역시,서구,풍암동,위파크 더 센트럴,2026,2026-08,625,일반/국평형,중앙파크 주식회사
충청북도,청주시,흥덕구,송절동,해링턴 플레이스 테크노폴리스,2026,2026-08,602,일반/국평형,신한자산신탁 주식회사
경기도,이천시,이천시 전체,증포동,이천자이 더 리체,2026,2026-08,558,일반/국평형,교보자산신탁(주)
서울특별시,서울특별시,서초구,반포동,반포 래미안 트리니원,2026,2026-08,506,일반/국평형,반포아파트(제3주구) 주택재건축정비사업조합
충청남도,논산시,논산시 전체,연무읍,논산 푸르지오 더 퍼스트,2026,2026-08,433,일반/국평형,우리자산신탁 주식회사
경기도,평택시,고덕국제화계획지구,A-48블록,평택 고덕국제신도시 A48블록 금성백조 예미지,2026,2026-08,431,일반/국평형,(주)금성백조건설
경기도,파주시,운정3지구,A21BL,파주 운정신도시 우미 린 더 센텀,2026,2026-08,418,일반/국평형,(주)명일건설
서울특별시,서울특별시,강서구,마곡동,마곡지구 17단지 토지임대부(본청약),2026,2026-08,381,일반/국평형,서울주택도시개발공사
울산광역시,울산광역시,남구,옥동,옥동 경남아너스빌 ubc,2026,2026-08,320,일반/국평형,(주)유비씨플러스
인천광역시,인천광역시,중구,영종하늘도시,운서역 대라수 어썸에듀,2026,2026-08,311,일반/국평형,주은주택건설주식회사
경상남도,거제시,거제시 전체,아주동,오션 월드메르디앙 더 리치먼드,2026,2026-08,221,일반/국평형,교보자산신탁(주)
울산광역시,울산광역시,남구,신정동,문수로 롯데캐슬 그랑파르크,2026,2026-08,193,일반/국평형,(주)한국토지신탁
서울특별시,서울특별시,강북구,도봉로,엘리프 미아역 2단지,2026,2026-08,160,일반/국평형,주식회사 케이티앤지
경기도,평택시,평택시 전체,평택동,평택역 더센트럴45,2026,2026-08,99,일반/국평형,코리아신탁주식회사
광주광역시,광주광역시,서구,광천동,광주 서구 광천동 PH543,2026,2026-08,99,일반/국평형,주식회사 하나자산신탁
울산광역시,울산광역시,울주군,온양읍,센텀 엘카사,2026,2026-08,74,일반/국평형,우리자산신탁(주)
서울특별시,서울특별시,강북구,도봉로,엘리프 미아역 1단지,2026,2026-08,66,일반/국평형,주식회사 케이티앤지
경기도,부천시,오정구,고강동,고강역 신원아침도시 퍼스티지,2026,2026-08,47,일반/국평형,건우아파트가로주택정비사업조합
광주광역시,광주광역시,동구,지산동,무등산 더힐(조합원 취소분),2026,2026-08,33,일반/국평형,지산동지역주택조합
대전광역시,대전광역시,유성구,용계동,도안 우미린 트리쉐이드,2026,2026-07,1375,일반/국평형,코리아신탁(주)
인천광역시,인천광역시,서구,원당동,e편한세상 검단 웰카운티(국민주택),2026,2026-07,1166,일반/국평형,"인천도시공사,디엘이앤씨㈜,신동아건설㈜,㈜국원건설,㈜선두종합건설,㈜보광종합건설,청암종합건설㈜"
부산광역시,부산광역시,강서구,에코델타시티,부산에코델타시티 디에트르 더 퍼스트(28BL),2026,2026-07,972,일반/국평형,디비건설(주)
인천광역시,인천광역시,서구,검단신도시,e편한세상 검단 에코비스타,2026,2026-07,732,일반/국평형,우리자산신탁 주식회사
충청북도,청주시,흥덕구,복대동,복대자이 더 스카이,2026,2026-07,715,일반/국평형,우리자산신탁 주식회사
경기도,평택시,평택시 전체,현덕면,평택화양 서희스타힐스 센트럴파크,2026,2026-07,713,일반/국평형,평택화양지구지역주택조합
경기도,화성시,화성시 전체,신동,동탄신도시 금강펜테리움 7차 센트럴파크,2026,2026-07,662,일반/국평형,주식회사 하이아트이앤씨
경기도,파주시,파주시 전체,동패동,파주운정3 A22블록 공공분양주택(본청약),2026,2026-07,642,일반/국평형,한국토지주택공사 경기북부지역본부
경상북도,고령군,고령군 전체,다산면,다산 월드메르디앙 센텀하이,2026,2026-07,463,일반/국평형,한국투자부동산신탁 주식회사
인천광역시,인천광역시,미추홀구,숭의동,e편한세상 제물포역 파크메종,2026,2026-07,449,일반/국평형,숭의3주택재개발정비사업조합
광주광역시,광주광역시,광산구,운수동,광주 선운2지구 예다음(B-2블록)(본청약),2026,2026-07,395,일반/국평형,(주)영무건설
울산광역시,울산광역시,울주군,온양읍,남울산 노르웨이숲,2026,2026-07,332,일반/국평형,울산온양발리스타지역주택조합
인천광역시,인천광역시,서구,원당동,e편한세상 검단 웰카운티(민영주택),2026,2026-07,292,일반/국평형,"인천도시공사,디엘이앤씨㈜,신동아건설㈜,㈜국원건설,㈜선두종합건설,㈜보광종합건설,청암종합건설㈜"
세종특별자치시,행정중심복합도시,행정중심복합도시 전체,4-2생활권,세종 금강펜테리움 더 시글로(4-2생활권 H3BL) (사전청약),2026,2026-07,272,일반/국평형,금강종합건설 주식회사
충청남도,천안시,동남구,문화동,트루엘 시그니처 천안역,2026,2026-07,236,일반/국평형,주식회사 코람코자산신탁
제주특별자치도,제주시,제주시 전체,연동,더샵 연동애비뉴,2026,2026-07,204,일반/국평형,케이비부동산신탁(주)
경기도,이천시,이천시 전체,증일동,힐스테이트 이천역 2단지,2026,2026-07,168,일반/국평형,중리신도시현대지역주택조합
경기도,의정부시,의정부시 전체,의정부동,의정부역 파밀리에Ⅱ,2026,2026-07,150,일반/국평형,주식회사 하나자산신탁
경기도,이천시,이천시 전체,증일동,힐스테이트 이천역 1단지,2026,2026-07,146,일반/국평형,중리신도시현대지역주택조합2
서울특별시,서울특별시,서대문구,영천동,경희궁 유보라,2026,2026-07,108,일반/국평형,영천구역주택재개발정비사업조합
서울특별시,서울특별시,서초구,잠원동,오티에르 반포,2026,2026-07,86,일반/국평형,신반포21차아파트주택재건축정비사업조합
서울특별시,서울특별시,강동구,길동,디 아테온(THE ATHEON),2026,2026-07,64,일반/국평형,(주)무궁화신탁
경기도,평택시,평택시 전체,현덕면,평택화양 서희스타힐스 센트럴파크(조합원 취소분),2026,2026-07,47,일반/국평형,평택화양지구지역주택조합
울산광역시,울산광역시,울주군,온양읍,남울산 노르웨이숲(조합원 취소분),2026,2026-07,31,일반/국평형,울산온양발리스타지역주택조합
인천광역시,인천광역시,미추홀구,숭의동,e편한세상 제물포역 파크메종(조합원 취소분),2026,2026-07,29,일반/국평형,숭의3주택재개발정비사업조합
서울특별시,서울특별시,강북구,미아동,북서울자이 폴라리스(보류지),2026,2026-07,6,일반/국평형,미아제3구역주택재개발정비사업조합
인천광역시,인천광역시,중구,영종국제도시,제일풍경채 영종국제도시 A16BL(사전청약),2026,2026-06,1239,일반/국평형,(주)제이아이주택
강원특별자치도,원주시,원주시 전체,단구동,원주자이 센트로,2026,2026-06,970,일반/국평형,한국투자부동산신탁 주식회사
경기도,오산시,오산세교2지구,A13블록,오산세교2지구 A-13블록 호반써밋 본청약,2026,2026-06,850,일반/국평형,(주)호반자산개발
경기도,광주시,광주시 전체,송정동,광주 송정 중흥S-클래스 파크뷰,2026,2026-06,840,일반/국평형,송정파크(주)
경기도,이천시,이천시 전체,이천중리,이천중리B1-BL 우미린 어반퍼스트,2026,2026-06,785,일반/국평형,(주)이천중리제일차피에프브이
인천광역시,인천광역시,서구,원당동,칸타빌 더 스위트,2026,2026-06,625,일반/국평형,"㈜대원에스앤디, 에이치엔개발㈜"
경기도,의왕시,의왕시 전체,내손동,인덕원 퍼스비엘,2026,2026-06,586,일반/국평형,의왕내손라주택재개발정비사업조합
부산광역시,부산광역시,수영구,광안동,드파인 광안,2026,2026-06,567,일반/국평형,광안2구역주택재개발정비사업조합
대전광역시,대전광역시,동구,삼성동,e편한세상 대전역 센텀비스타,2026,2026-06,400,일반/국평형,주식회사 케이티앤지
울산광역시,울산광역시,울주군,삼남읍,울산KTX 우방 아이유쉘 퍼스트,2026,2026-06,344,일반/국평형,(주)우방
부산광역시,부산광역시,남구,문현동,롯데캐슬 인피니엘,2026,2026-06,303,일반/국평형,문현제일 지역주택조합
대구광역시,대구광역시,달서구,본동,더샵 달서센트엘로,2026,2026-06,272,일반/국평형,신한자산신탁 주식회사
전라남도,장성군,장성군 전체,장성읍,장성 남양휴튼 리버파크,2026,2026-06,180,일반/국평형,대한토지신탁(주)
부산광역시,부산광역시,연제구,연산동,시청역 해모로 센티아,2026,2026-06,131,일반/국평형,연산5구역 재개발정비사업조합
부산광역시,부산광역시,금정구,남산동,e편한세상 금정 메종카운티,2026,2026-06,123,일반/국평형,남산1구역주택재건축정비사업조합
경상북도,울진군,울진군 전체,후포면,울진후포 오션더캐슬,2026,2026-06,123,일반/국평형,대한토지신탁(주)
부산광역시,부산광역시,사하구,장림동,ESTIA 신장림 센트럴,2026,2026-06,108,일반/국평형,대승건설산업 주식회사
경기도,파주시,파주시 전체,금촌동,파주금촌 금호어울림(조합원 취소분),2026,2026-06,60,일반/국평형,파주시금촌2동제2지구주택재개발정비사업조합
광주광역시,광주광역시,광산구,선운로,선운지구다사로움 공가세대 일반공급,2026,2026-06,27,일반/국평형,광주광역시도시공사
경상북도,포항시,북구,학산동,학산 한신더휴 엘리트파크,2026,2026-05,1455,일반/국평형,우리자산신탁 주식회사
경상남도,창원시,의창구,사화동,창원 롯데캐슬 포레스트 1BL,2026,2026-05,967,일반/국평형,대신자산신탁 주식회사
강원특별자치도,속초시,속초시 전체,금호동,힐스테이트 속초,2026,2026-05,925,일반/국평형,(주)무궁화신탁
충청북도,청주시,흥덕구,봉명동,월명공원 한라비발디 온더파크,2026,2026-05,874,일반/국평형,주식회사 코람코자산신탁
전라북도,군산시,군산시 전체,조촌동,군산 경남아너스빌 디오션,2026,2026-05,873,일반/국평형,경남기업(주)
경기도,화성시,화성시 전체,봉담읍,봉담 중흥S-클래스 센트럴에듀,2026,2026-05,806,일반/국평형,더뉴봉담(주)
인천광역시,인천광역시,서구,불로동,인천검단신도시 디에트르 더 에듀(AA20BL),2026,2026-05,781,일반/국평형,대방개발기업(주)
대전광역시,대전광역시,서구,도마동,한화 포레나 대전월평공원 2단지,2026,2026-05,690,일반/국평형,교보자산신탁(주)
대전광역시,대전광역시,서구,정림동,한화 포레나 대전월평공원 1단지,2026,2026-05,659,일반/국평형,교보자산신탁(주)
인천광역시,인천광역시,서구,가정동,인천가정2지구 A-2블록 신혼희망타운 공공분양주택(본청약),2026,2026-05,534,일반/국평형,한국토지주택공사 인천지역본부
광주광역시,광주광역시,동구,계림동,교대역 모아엘가 그랑데,2026,2026-05,461,일반/국평형,계림4구역 주택재개발정비사업조합
경기도,시흥시,시흥시 전체,정왕동,시화MTV 푸르지오 디오션,2026,2026-05,400,일반/국평형,(주)대한씨앤디
경상남도,거제시,거제시 전체,아주2로,덕진 거제의 봄 우선분양전환 후 공가세대,2026,2026-05,376,일반/국평형,덕진종합건설주식회사
경기도,성남시,수정구,성남신촌,엘리프 성남신촌,2026,2026-05,320,일반/국평형,계룡건설산업(주)
인천광역시,인천광역시,서구,가정동,인천가정2 A2블록 신혼희망타운(공공분양) 추가모집,2026,2026-05,255,일반/국평형,한국토지주택공사 인천지역본부
경기도,안양시,만안구,석수2동,안양자이 더 포레스트,2026,2026-05,212,일반/국평형,화창지구재개발정비사업조합
부산광역시,부산광역시,해운대구,송정동,더폴 디오션,2026,2026-05,184,일반/국평형,케이비부동산신탁(주)
경상남도,김해시,김해시 전체,삼문동,김해 대청천 에피트,2026,2026-05,131,일반/국평형,장유삼문지역주택조합
부산광역시,부산광역시,남구,대연동,한화포레나 부산대연,2026,2026-05,104,일반/국평형,대연3구역재건축정비사업조합
부산광역시,부산광역시,금정구,구서동,구서 다움포레,2026,2026-05,68,일반/국평형,비엠산업개발주식회사
광주광역시,광주광역시,서구,마륵동,상무 양우내안애 퍼스트힐,2026,2026-05,57,일반/국평형,마륵동연화지역주택조합
경기도,안양시,만안구,안양동,힐스테이트 안양펠루스,2026,2026-05,55,일반/국평형,(주)무궁화신탁
서울특별시,서울특별시,강동구,천호동,VIORR(비오르),2026,2026-05,53,일반/국평형,케이비부동산신탁(주)
광주광역시,광주광역시,서구,마륵동,상무 양우내안애 퍼스트힐(조합원 취소분),2026,2026-05,10,일반/국평형,마륵동연화지역주택조합
경기도,오산시,오산시 전체,경기대로,힐스테이트 오산 더퍼스트(조합원 자격상실 및 제명세대)(2회차),2026,2026-05,9,일반/국평형,오산시현대지역주택조합
경기도,광주시,광주시 전체,역동,광주 더파크 비스타 데시앙,2026,2026-04,1690,일반/국평형,(주)무궁화신탁
대구광역시,대구광역시,남구,대명3동,대명자이 그랜드시티,2026,2026-04,1501,일반/국평형,대명3동뉴타운주택재개발정비사업조합
경기도,오산시,오산시 전체,궐동,오산세교2지구 A-3블록 파라곤,2026,2026-04,1068,일반/국평형,주식회사 라인하우징
충청북도,청주시,서원구,개신동,청주 동일하이빌 파크레인 2단지,2026,2026-04,800,일반/국평형,주식회사 하나자산신탁
경기도,의정부시,의정부시 전체,호원동,힐스테이트 회룡역파크뷰,2026,2026-04,674,일반/국평형,신한자산신탁 주식회사
광주광역시,광주광역시,북구,운암동,운암자이포레나 퍼스티체 2단지,2026,2026-04,561,일반/국평형,운암3단지재건축정비사업조합
인천광역시,인천광역시,중구,운남동,영종 오션파크 모아엘가 그랑데,2026,2026-04,560,일반/국평형,덕평산업개발(주)
대구광역시,대구광역시,동구,신천동,벤처밸리 푸르지오,2026,2026-04,540,일반/국평형,대한토지신탁(주)
대구광역시,대구광역시,동구,신천동,힐스테이트 동대구 센트럴,2026,2026-04,481,일반/국평형,우리자산신탁 주식회사
인천광역시,인천광역시,서구,원당동,검단신도시 롯데캐슬 넥스티엘,2026,2026-04,372,일반/국평형,넥스트브이시티피에프브이(주)
경기도,고양시,일산동구,멱절길,고양장항지구 A-2블록 신혼희망타운(공공분양),2026,2026-04,371,일반/국평형,한국토지주택공사 경기북부지역본부
광주광역시,광주광역시,북구,운암동,운암자이포레나 퍼스티체 1단지,2026,2026-04,354,일반/국평형,운암3단지재건축정비사업조합
광주광역시,광주광역시,북구,운암동,운암자이포레나 퍼스티체 3단지,2026,2026-04,277,일반/국평형,운암3단지재건축정비사업조합
인천광역시,인천광역시,중구,자연대로,오션포레베네스트하우스(미단시티 공동8BL),2026,2026-04,253,일반/국평형,(주)시너지밸류제2호
인천광역시,인천광역시,미추홀구,학익2동,포레나 인천학익,2026,2026-04,250,일반/국평형,학익4주택재개발정비사업조합
대구광역시,대구광역시,북구,칠성동,대구역 센트레빌 더 오페라,2026,2026-04,245,일반/국평형,(주)한국토지신탁
서울특별시,서울특별시,동대문구,청량리동,청량리 롯데캐슬 하이루체,2026,2026-04,173,일반/국평형,청량리제7구역주택재개발정비사업조합
대전광역시,대전광역시,서구,변동,변동 동건아파트 우선분양전환 후 잔여세대,2026,2026-04,139,일반/국평형,동건종합건설(주)
인천광역시,인천광역시,연수구,동춘동,연수 월드메르디앙 어반포레,2026,2026-04,133,일반/국평형,대신자산신탁 주식회사
서울특별시,서울특별시,구로구,개봉동,개봉 루브루,2026,2026-04,114,일반/국평형,길훈아파트 주택재건축정비사업조합
울산광역시,울산광역시,중구,우정동,우정동 한양립스 더 센트럴,2026,2026-04,99,일반/국평형,우정동뉴시티지역주택조합
충청북도,충주시,충주시 전체,용산동,어썸웨이브 용산,2026,2026-04,90,일반/국평형,한국투자부동산신탁 주식회사
서울특별시,서울특별시,노원구,노원로,해링턴플레이스 노원 센트럴,2026,2026-04,61,일반/국평형,주식회사 엘앤피개발
전북특별자치도,완주군,완주군 전체,이서면,전주·완주 혁신도시 에코르 2단지 공가세대 일반공급,2026,2026-04,29,일반/국평형,전북개발공사
경기도,평택시,평택시 전체,현덕면,힐스테이트 평택 화양,2026,2026-03,1571,일반/국평형,신한자산신탁 주식회사
경기도,평택시,가재지구,도시개발사업,지제역 반도체밸리 제일풍경채 2블록,2026,2026-03,1152,일반/국평형,주식회사 씨지주택
부산광역시,부산광역시,강서구,강동동,에코델타시티 대성베르힐 17BL,2026,2026-03,1120,일반/국평형,주식회사 부산에코델타시티피에프브이
충청남도,아산시,아산시 전체,모종동,힐스테이트 모종 블랑루체,2026,2026-03,1060,일반/국평형,한국자산신탁(주)
경기도,파주시,운정3지구,A19블록(경기도,운정자이 시그니처,2026,2026-03,988,일반/국평형,지에스건설(주)
강원도,원주시,원주시 전체,원동,두산위브더제니스 센트럴 원주,2026,2026-03,952,일반/국평형,원동남산지구 주택재개발정비사업조합
경기도,구리시,구리시 전체,인창동,구리역 롯데캐슬 시그니처,2026,2026-03,679,일반/국평형,인창씨구역주택재개발정비사업조합
경상남도,사천시,사천시 전체,동금동,e편한세상 삼천포 오션프라임,2026,2026-03,677,일반/국평형,대한토지신탁(주)
경기도,안성시,안성시 전체,공도읍,해링턴 플레이스 진사(2BL),2026,2026-03,637,일반/국평형,우리자산신탁 주식회사
전라북도,군산시,군산시 전체,지곡동,군산 한라비발디 더프라임,2026,2026-03,633,일반/국평형,코리아신탁(주)
인천광역시,인천광역시,서구,불로동,인천 검단신도시 AB19블럭 호반써밋(본청약),2026,2026-03,555,일반/국평형,(주)호반건설
경기도,의왕시,고천공공주택지구,B-2BL,제일풍경채 의왕고천(본청약),2026,2026-03,466,일반/국평형,의왕고천피에프브이 주식회사
경기도,안성시,안성시 전체,공도읍,해링턴 플레이스 진사(1BL),2026,2026-03,355,일반/국평형,우리자산신탁 주식회사
경상남도,거제시,거제시 전체,장승포동,거제 유림노르웨이숲 디오션,2026,2026-03,299,일반/국평형,교보자산신탁(주)
서울특별시,서울특별시,영등포구,양평동,영등포자이 디그니티,2026,2026-03,185,일반/국평형,양평제12구역도시환경정비사업조합
서울특별시,서울특별시,도봉구,도봉2동,도봉 금호어울림 리버파크,2026,2026-03,130,일반/국평형,도봉제2구역주택재개발정비사업조합
대전광역시,대전광역시,동구,가양동,가양동 다우갤러리 휴리움,2026,2026-03,63,일반/국평형,동신아파트주택재건축정비사업조합
제주특별자치도,서귀포시,서귀포시 전체,표선면,리첸시아 표선 IB EDU,2026,2026-03,50,일반/국평형,주식회사 태흥주택건설
울산광역시,울산광역시,중구,종가로,울산 우정혁신도시 B1블록(골드클래스) 분양전환 후 잔여세대,2026,2026-03,34,일반/국평형,골드클래스 주식회사
경상남도,양산시,양산시 전체,중부동,우방아이유쉘 중부센트럴,2026,2026-03,34,일반/국평형,양산중부동지역주택조합
광주광역시,광주광역시,남구,지석동,힐스테이트 지석(조합원취소분),2026,2026-03,9,일반/국평형,더디시파크지역주택조합
경상남도,김해시,김해시 전체,신문동,더샵 신문그리니티,2026,2026-02,1146,일반/국평형,(주)무궁화신탁
경기도,화성시,화성시 전체,신동,동탄신도시 금강펜테리움 6차 센트럴파크(A59블럭),2026,2026-02,1103,일반/국평형,(주)펜테리움건설
경기도,파주시,파주시 전체,동패동,파주운정3지구 A23블록 공공분양주택,2026,2026-02,1012,일반/국평형,한국토지주택공사 인천지역본부
경상남도,창원시,의창구,사화동,창원 롯데캐슬 포레스트 2BL,2026,2026-02,998,일반/국평형,대신자산신탁 주식회사
대구광역시,대구광역시,남구,대명동,힐스테이트 대명 센트럴 2차,2026,2026-02,977,일반/국평형,주식회사 하나자산신탁
대전광역시,대전광역시,유성구,학하동,포레나 대전학하 1단지,2026,2026-02,872,일반/국평형,주식회사 하나자산신탁
경기도,이천시,이천시 전체,이천중리,이천중리B2-BL 우미린 트리쉐이드,2026,2026-02,849,일반/국평형,이천중리비투피에프브이(주)
충청남도,아산시,아산시 전체,용화동,아산자이 그랜드파크 2단지,2026,2026-02,849,일반/국평형,주식회사 하나자산신탁
충남,아산시,아산시 전체,배방읍,힐스테이트 자이 아산센텀,2026,2026-02,787,일반/국평형,주식회사 아산탕정고양삼송주택개발위탁관리부동산투자회사
충청남도,아산시,아산시 전체,용화동,아산자이 그랜드파크 1단지,2026,2026-02,739,일반/국평형,주식회사 하나자산신탁
경기도,화성시,화성시 전체,송산동,화성태안3지구 B-3블록 공공분양주택(본청약),2026,2026-02,688,일반/국평형,한국토지주택공사 경기남부지역본부
대구광역시,대구광역시,북구,칠성동,힐스테이트 칠성 더오페라,2026,2026-02,577,일반/국평형,우리자산신탁 주식회사
충청남도,천안시,동남구,용곡동,천안 일봉공원 호반써밋 센트럴파크(1BL),2026,2026-02,453,일반/국평형,한국자산신탁(주)
부산광역시,부산광역시,동구,범일동,퀸즈이즈카운티,2026,2026-02,268,일반/국평형,(주)무궁화신탁
경기도,수원시,권선구,오목천동,오목천역 더리브,2026,2026-02,201,일반/국평형,신한자산신탁 주식회사
경상남도,진주시,진주시 전체,주약동,백년문화공원 극동스타클래스,2026,2026-02,166,일반/국평형,주식회사 하나자산신탁
대전광역시,대전광역시,서구,용문동,대전 에테르 스위첸,2026,2026-02,138,일반/국평형,신한자산신탁 주식회사
광주광역시,광주광역시,광산구,하산동,광산센트럴파크,2026,2026-02,117,일반/국평형,광산센트럴파크지역주택조합
제주특별자치도,제주시,제주시 전체,외도일동,외도 성원상떼빌,2026,2026-02,83,일반/국평형,코리아신탁(주)
경기도,부천시,부천시 전체,괴안동,역곡역 아테움 스위첸,2026,2026-02,50,일반/국평형,청암아파트소규모재건축사업조합
경기도,광명시,광명시 전체,소하동,광명 소하 신원아침도시1,2026,2026-02,33,일반/국평형,정우연립소규모주택재건축정비사업조합
부산광역시,부산광역시,남구,우암동,두산위브더제니스 오션시티,2026,2026-01,2033,일반/국평형,우암2구역주택재개발정비사업조합
대구광역시,대구광역시,남구,대명동,e편한세상 명덕역 퍼스트마크,2026,2026-01,1112,일반/국평형,대명2동명덕지구주택재개발정비사업조합
광주광역시,광주광역시,서구,금호동,위파크 마륵공원,2026,2026-01,917,일반/국평형,마륵파크 주식회사
강원도,고성군,고성군 전체,토성면,아야진 라메르 데시앙,2026,2026-01,811,일반/국평형,(주)무궁화신탁
충청북도,청주시,서원구,개신동,청주 동일하이빌 파크레인,2026,2026-01,800,일반/국평형,주식회사 하나자산신탁
인천광역시,인천광역시,동구,송림동,인천 두산위브 더센트럴,2026,2026-01,785,일반/국평형,송림3지구 주택재개발정비사업조합
부산광역시,부산광역시,부산진구,가야동,가야역 롯데캐슬 스카이엘,2026,2026-01,725,일반/국평형,신한자산신탁(주)
대구광역시,대구광역시,수성구,범어동,어나드 범어,2026,2026-01,604,일반/국평형,대구엠비씨부지복합개발피에프브이(주)
경기도,수원시,팔달구,지동,수원성 중흥S-클래스,2026,2026-01,593,일반/국평형,제115다시10구역주택재개발정비사업조합
경기도,광명시,광명시 전체,철산동,철산자이 브리에르,2026,2026-01,393,일반/국평형,철산주공10과11단지 주택재건축정비사업조합
경상남도,김해시,김해시 전체,삼계동,김해 삼계 동일스위트,2026,2026-01,299,일반/국평형,(주)동일
강원도,양양군,양양군 전체,양양읍,양양 금호어울림 더퍼스트,2026,2026-01,279,일반/국평형,한국자산신탁(주)
서울특별시,서울특별시,강동구,천호동,e편한세상 강동 프레스티지원,2026,2026-01,263,일반/국평형,천호3주택재건축정비사업조합
서울특별시,서울특별시,송파구,신천동,잠실 르엘,2026,2026-01,216,일반/국평형,잠실미성크로바아파트 주택재건축정비사업조합
경기도,남양주시,남양주시 전체,화도읍,마석역 극동스타클래스 더퍼스트,2026,2026-01,138,일반/국평형,한국투자부동산신탁 주식회사
경기도,광명시,광명시 전체,소하동,광명 소하 신원아침도시2,2026,2026-01,82,일반/국평형,소하동2구역가로주택정비사업조합
광주광역시,광주광역시,광산구,쌍암동,벨루미체 첨단,2026,2026-01,57,일반/국평형,코리아신탁(주)
경기도,남양주시,남양주시 전체,별내5로,남양주 별내리슈빌아파트 분양전환 후 잔여세대,2026,2026-01,34,일반/국평형,공무원연금공단
대전광역시,대전광역시,서구,탄방동,둔산 자이 아이파크(보류지),2026,2026-01,18,일반/국평형,숭어리샘주택재건축정비사업조합
강원특별자치도,강릉시,강릉시 전체,명륜로,강릉역 경남아너스빌 더 센트로(조합원 취소분),2026,2026-01,16,일반/국평형,강릉교동센트럴파크지역주택조합
대전광역시,대전광역시,서구,탄방동,둔산 자이 아이파크,2026,2026-01,12,일반/국평형,숭어리샘주택재건축정비사업조합
대구광역시,대구광역시,달서구,두류동,두류센트레빌 더 파크(조합원 취소분)(2회차),2026,2026-01,1,일반/국평형,두류야외음악당지역주택조합
전라남도,광양시,광양시 전체,광양읍,광양 푸르지오 센터파크,2025,2025-12,992,일반/국평형,우리자산신탁 주식회사
경상남도,김해시,김해시 전체,주촌면,e편한세상 주촌 더프리미어,2025,2025-12,992,일반/국평형,주식회사 하나자산신탁
강원도,원주시,원주시 전체,반곡동,원주 롯데캐슬 시그니처,2025,2025-12,922,일반/국평형,우리자산신탁 주식회사
경기도,광명시,광명시 전체,광명1동,광명자이더샵포레나,2025,2025-12,809,일반/국평형,광명제1알구역주택재개발정비사업조합
전라북도,익산시,익산시 전체,부송4,익산 부송 데시앙 민간참여형 공공분양주택,2025,2025-12,745,일반/국평형,전북개발공사
경상북도,경산시,경산시 전체,압량읍,경산 2차 아이파크,2025,2025-12,745,일반/국평형,한국투자부동산신탁 주식회사
전라북도,정읍시,정읍시 전체,농소동,정읍 푸르지오 더 퍼스트,2025,2025-12,707,일반/국평형,코리아신탁(주)
부산광역시,부산광역시,강서구,화전동,명지화전 우방아이유쉘 우선분양전환 후 잔여세대(2차),2025,2025-12,658,일반/국평형,에스엠하이플러스(주)
경기도,성남시,수정구,복정동,성남복정1 A1블록 공공분양주택(본청약),2025,2025-12,615,일반/국평형,한국토지주택공사 서울지역본부
서울특별시,서울특별시,송파구,신천동,잠실 래미안아이파크,2025,2025-12,589,일반/국평형,잠실진주아파트 주택재건축정비사업조합
대전광역시,대전광역시,유성구,원신흥동,갑천2 트리풀시티 엘리프(국민주택),2025,2025-12,474,일반/국평형,대전도시공사
대전광역시,대전광역시,유성구,원신흥동,갑천2 트리풀시티 엘리프(민영주택),2025,2025-12,462,일반/국평형,대전도시공사
경기도,양주시,양주시 전체,회정동,양주 덕정역 한라비발디 퍼스티어,2025,2025-12,427,일반/국평형,(주)무궁화신탁
경기도,의정부시,의정부시 전체,금오동,힐스테이트 금오 더퍼스트,2025,2025-12,408,일반/국평형,금오생활권1구역주택재개발정비사업조합
울산광역시,울산광역시,남구,신정동,문수로 금호어울림 더 퍼스트,2025,2025-12,402,일반/국평형,주식회사 에이스타
경기도,부천시,부천시 전체,원종동,부천원종 B2블록 신혼희망타운(공공분양)(본청약),2025,2025-12,394,일반/국평형,한국토지주택공사 인천지역본부
강원도,원주시,원주시 전체,태장동,원주태장 이에스아뜨리움 A-2블록 (사전청약),2025,2025-12,350,일반/국평형,(주)이에스종합건설
전라남도,화순군,화순군 전체,화순읍,화순센텀 모아엘가 트레뷰,2025,2025-12,341,일반/국평형,(주)모성기업
울산광역시,울산광역시,남구,신정동,빌리브 리버런트,2025,2025-12,311,일반/국평형,신한자산신탁 주식회사
전라북도,군산시,군산시 전체,지곡동,군산 지곡 한라비발디 2차 은파레이크뷰,2025,2025-12,291,일반/국평형,교보자산신탁(주)
경기도,성남시,수정구,복정동,성남복정1 A2블록 신혼희망타운(공공분양) (본청약),2025,2025-12,258,일반/국평형,한국토지주택공사 서울지역본부
경기도,성남시,수정구,복정동,성남복정1 A3블록 신혼희망타운(공공분양) (본청약),2025,2025-12,210,일반/국평형,한국토지주택공사 서울지역본부
충청북도,영동군,영동군 전체,영동읍,영동 코아루 리더스원,2025,2025-12,200,일반/국평형,(주)한국토지신탁
서울특별시,서울특별시,강동구,천호동,더샵 강동센트럴시티,2025,2025-12,168,일반/국평형,천호4촉진구역 도시환경정비사업조합
대구광역시,대구광역시,중구,남산동,반월당역 반도유보라,2025,2025-12,147,일반/국평형,(주)반도건설
제주특별자치도,제주시,제주시 전체,도련일동,영도갤럭시타운 도련2차,2025,2025-12,113,일반/국평형,주식회사 영도갤럭시
충청남도,천안시,동남구,풍세로,천안 용곡 두산위브,2025,2025-12,48,일반/국평형,용곡두산위브지역주택조합
경기도,부천시,소사구,심곡로10번길,엠타워 디루체,2025,2025-12,32,일반/국평형,코리아신탁(주)
경상북도,울진군,울진군 전체,후포면,마린시티,2025,2025-12,30,일반/국평형,대양주택건설
경상남도,김해시,김해시 전체,장유로,김해율하 더스카이시티 제니스앤프라우(조합원취소분),2025,2025-12,27,일반/국평형,율하이엘지역주택조합
전북특별자치도,완주군,완주군 전체,이서면,전주·완주 혁신도시 에코르 2단지 공가세대 일반공급,2025,2025-12,27,일반/국평형,전북개발공사
경기도,부천시,부천시 전체,원종동,부천원종 B2블록 신혼희망타운(공공분양) 추가입주자,2025,2025-12,24,일반/국평형,한국토지주택공사 인천지역본부
경기도,오산시,오산시 전체,경기대로,힐스테이트 오산 더퍼스트(조합원 자격상실 및 제명세대),2025,2025-12,17,일반/국평형,오산시현대지역주택조합
부천시,원종동,원종동 전체,일원,부천원종 B2블록 신혼희망타운(공공분양) 추가입주자 모집,2025,2025-12,10,일반/국평형,한국토지주택공사 인천지역본부
경기도,성남시,수정구,복정동,성남복정1 A2블록 신혼희망타운(공공분양) 잔여세대 입주자모집,2025,2025-12,1,일반/국평형,한국토지주택공사 서울지역본부
충청북도,음성군,음성군 전체,금왕읍,음성자이 센트럴시티,2025,2025-11,1505,일반/국평형,주식회사 하나자산신탁
충청남도,홍성군,홍성군 전체,홍북읍,충남내포신도시 디에트르 에듀시티,2025,2025-11,1474,일반/국평형,대방이엔씨 주식회사
서울특별시,서울특별시,동대문구,이문동,이문 아이파크 자이,2025,2025-11,1467,일반/국평형,이문3재정비촉진구역 주택재개발정비사업조합
경기도,오산시,오산시 전체,탑동,오산세교 우미 린 센트럴시티(A-14블록)(본청약),2025,2025-11,1136,일반/국평형,우미건설(주)
인천광역시,인천광역시,서구,불로동,검단신도시 금강펜테리움 3차 센트럴파크,2025,2025-11,1049,일반/국평형,(주)금강주택
충청북도,음성군,음성군 전체,대소면,음성 우미린 풀하우스,2025,2025-11,1019,일반/국평형,"에스아이개발(주),(주)청파건설,(주)첨단건설"
경기도,평택시,평택시 전체,현덕면,포레나 평택화양,2025,2025-11,995,일반/국평형,한국투자부동산신탁 주식회사
전라남도,광양시,광양시 전체,마동,더샵 광양라크포엠,2025,2025-11,920,일반/국평형,교보자산신탁(주)
부산광역시,부산광역시,부산진구,당감동,서면4차 봄여름가을겨울,2025,2025-11,607,일반/국평형,수삼건설 주식회사
서울특별시,서울특별시,중랑구,중화동,리버센 SK VIEW 롯데캐슬,2025,2025-11,501,일반/국평형,중화1재정비촉진구역주택재개발정비사업조합
서울특별시,서울특별시,서초구,방배동,래미안 원페를라,2025,2025-11,482,일반/국평형,방배6구역주택재건축정비사업조합
경기도,안성시,안성시 전체,죽산면,안성 하우스토리 퍼스트시티,2025,2025-11,474,일반/국평형,한국투자부동산신탁 주식회사
경상북도,영주시,영주시 전체,휴천동,영주 아이파크,2025,2025-11,428,일반/국평형,교보자산신탁(주)
경기도,광명시,광명시 전체,광명2동,광명 센트럴 아이파크,2025,2025-11,425,일반/국평형,광명제4알구역 주택재개발정비사업
강원특별자치도,원주시,원주시 전체,판부면,e편한세상 원주 프리모원(1회차),2025,2025-11,350,일반/국평형,대한토지신탁(주)
대구광역시,대구광역시,동구,신천동,e편한세상 동대구역 센텀스퀘어,2025,2025-11,322,일반/국평형,케이비부동산신탁(주)
서울특별시,서울특별시,은평구,신사동,새절역 두산위브 트레지움,2025,2025-11,235,일반/국평형,신사1구역주택재건축정비사업조합
강원특별자치도,원주시,원주시 전체,판부면,e편한세상 원주 프리모원(2회차),2025,2025-11,222,일반/국평형,대한토지신탁(주)
경기도,성남시,분당구,판교대장지구,판교TH212,2025,2025-11,212,일반/국평형,(주)하이아트
충청북도,제천시,제천시 전체,신백동,제천 신백 선광로즈웰아파트 우선 분양전환 후 잔여세대,2025,2025-11,182,일반/국평형,선광건설 주식회사
서울특별시,서울특별시,강남구,청담동,청담 르엘,2025,2025-11,149,일반/국평형,청담삼익아파트주택재건축정비사업조합
전라북도,임실군,임실군 전체,임실읍,임실 고운라피네 더 퍼스트,2025,2025-11,129,일반/국평형,고운주택(주)
충청남도,천안시,서북구,한들1로,천안 백석 중흥S-클래스 우선 분양전환 후 잔여세대,2025,2025-11,116,일반/국평형,세흥건설(주)
대구광역시,대구광역시,수성구,범어동,대구 범어 2차 아이파크,2025,2025-11,92,일반/국평형,우방범어타운2차주택재건축정비사업조합
서울특별시,서울특별시,서대문구,남가좌동,DMC 가재울 아이파크,2025,2025-11,92,일반/국평형,가재울8재정비촉진구역 재개발정비사업조합
광주광역시,광주광역시,광산구,송도로,송정공원역 대라수 우선 분양전환 후 잔여세대,2025,2025-11,37,일반/국평형,대라주택건설(주)
울산광역시,울산광역시,울주군,청량읍,문수데시앙2단지 공가세대 일반공급,2025,2025-11,27,일반/국평형,울산광역시도시공사
경기도,용인시,기흥구,동백동,동백호수공원 두산위브더제니스(조합원 취소분),2025,2025-11,18,일반/국평형,용인동백동지역주택조합
경기도,부천시,부천시 전체,괴안동,부천괴안 B-1블록 신혼희망타운(공공분양) 추가모집,2025,2025-11,1,일반/국평형,한국토지주택공사 인천지역본부
부산광역시,부산광역시,강서구,에코델타시티,에코델타시티 푸르지오 린,2025,2025-10,886,일반/국평형,코리아신탁(주)
강원도,원주시,원주시 전체,관설동,원주 동문 디 이스트,2025,2025-10,873,일반/국평형,관설개발 주식회사
강원특별자치도,춘천시,춘천시 전체,소양로2가,더샵 소양스타리버,2025,2025-10,855,일반/국평형,춘천소양촉진2구역 재건축정비사업조합
경상북도,포항시,남구,구룡포읍,포항 푸르지오 마린시티,2025,2025-10,678,일반/국평형,대한토지신탁(주)
충청남도,천안시,서북구,두정동,천안 롯데캐슬 더 두정,2025,2025-10,584,일반/국평형,(주)무궁화신탁
전라북도,군산시,군산시 전체,내흥동,군산 신역세권 예다음,2025,2025-10,569,일반/국평형,(주)영무건설
경기도,의왕시,의왕시 전체,고천동,의왕고천지구 대방 디에트르 센트럴(B1BL),2025,2025-10,492,일반/국평형,대방이엔씨 주식회사
대구광역시,대구광역시,동구,신천동,더 팰리스트 데시앙,2025,2025-10,418,일반/국평형,한국자산신탁(주)
강원도,원주시,원주시 전체,반곡동,원주혁신도시 복합2블록 유승한내들 더스카이,2025,2025-10,386,일반/국평형,(주)유승종합건설
인천광역시,인천광역시,계양구,아나지로,인천 작전 한라비발디,2025,2025-10,340,일반/국평형,에이치엘디앤아이한라주식회사
경상남도,밀양시,밀양시 전체,부북지구내,밀양 부북지구 제일풍경채 S-1BL(사전청약),2025,2025-10,320,일반/국평형,(주)제이아이주택
부산광역시,부산광역시,강서구,화전동,명지화전 우방아이유쉘 우선분양전환 후 잔여세대,2025,2025-10,305,일반/국평형,에스엠하이플러스(주)
경기도,남양주시,남양주시 전체,화도읍,빌리브센트하이,2025,2025-10,250,일반/국평형,신한자산신탁 주식회사
전라남도,여수시,여수시 전체,학동,쌍용 더 플래티넘 여수 35,2025,2025-10,244,일반/국평형,한국자산신탁(주)
강원도,강릉시,강릉시 전체,포남동,강릉KTX역 경남아너스빌,2025,2025-10,167,일반/국평형,케이비부동산신탁(주)
광주광역시,광주광역시,남구,덕림중앙3길,더 퍼스트 데시앙,2025,2025-10,71,일반/국평형,남구덕림지역주택조합
광주광역시,광주광역시,남구,지석동,힐스테이트 지석,2025,2025-10,53,일반/국평형,더디시파크지역주택조합
서울특별시,서울특별시,영등포구,신길동,대방역 여의도 더로드캐슬,2025,2025-10,46,일반/국평형,(주)무궁화신탁
인천광역시,인천광역시,미추홀구,인주대로,인천 힐스테이트 숭의역,2025,2025-10,17,일반/국평형,숭의1구역지역주택조합
경기도,평택시,평택시 전체,현덕면,e편한세상 평택 라씨엘로(2-1BL),2025,2025-09,1063,일반/국평형,교보자산신탁(주)
경기도,평택시,평택시 전체,현덕면,e편한세상 평택 하이센트(4BL),2025,2025-09,916,일반/국평형,교보자산신탁(주)
인천광역시,인천광역시,서구,불로동,인천 검단신도시 AB17BL 우미린 클래스원,2025,2025-09,875,일반/국평형,검단에이비십칠블록피에프브이(주)
전라북도,익산시,익산시 전체,모현동,익산 중흥S-클래스 퍼스트파크,2025,2025-09,795,일반/국평형,모인파크주식회사
인천광역시,인천광역시,중구,영종국제도시,영종국제도시 A26BL 제일풍경채 디오션,2025,2025-09,670,일반/국평형,인청영종1차피에프브이(주)
경기도,평택시,평택시 전체,고덕동,평택 고덕국제신도시 A50블록 미래도 파밀리에(본청약),2025,2025-09,461,일반/국평형,"(주)모아종합건설,신동아건설(주)"
충청남도,아산시,아산시 전체,신창면,아산 신창1차 광신프로그레스,2025,2025-09,450,일반/국평형,(주)유노산업
충청북도,청주시,흥덕구,송절동,청주 테크노폴리스 A9BL 힐데스하임,2025,2025-09,440,일반/국평형,(주)대한개발
전라북도,고창군,고창군 전체,고창읍,고창 광신프로그레스,2025,2025-09,206,일반/국평형,(주)광신주택
서울특별시,서울특별시,광진구,광장동,포제스 한강,2025,2025-09,128,일반/국평형,한국자산신탁(주)
대구광역시,대구광역시,수성구,지산동,더파크 수성못,2025,2025-09,108,일반/국평형,(주)아영디앤씨
충청남도,천안시,동남구,청당동,천안 롯데캐슬 더 청당,2025,2025-08,1199,일반/국평형,롯데건설(주)
인천광역시,인천광역시,계양구,효성동,제일풍경채 계양 위너스카이 A블록,2025,2025-08,777,일반/국평형,주식회사 인천계양효성피에프브이
경기도,파주시,파주시 전체,와동동,힐스테이트 더 운정,2025,2025-08,744,일반/국평형,주식회사 하나자산신탁
경기도,화성시,화성시 전체,신동,동탄 A106 어울림 파밀리에,2025,2025-08,640,일반/국평형,케이비부동산신탁(주)
경기도,화성시,화성시 전체,신동,동탄 A107 숨마데시앙,2025,2025-08,616,일반/국평형,케이비부동산신탁(주)
충청북도,음성군,음성군 전체,맹동면,음성 아이파크,2025,2025-08,604,일반/국평형,주식회사 하나자산신탁
충청남도,아산시,아산시 전체,권곡동,아산 한신더휴,2025,2025-08,603,일반/국평형,한신공영(주)
경기도,평택시,고덕국제화계획지구,A-5BL,고덕자이 센트로(A-5BL),2025,2025-08,569,일반/국평형,평택도시공사
인천광역시,인천광역시,계양구,효성동,제일풍경채 계양 위너스카이 B블록,2025,2025-08,566,일반/국평형,주식회사 인천계양효성피에프브이
경상남도,양산시,양산시 전체,덕계동,양산5차 비스타동원 솔라스타,2025,2025-08,311,일반/국평형,우리자산신탁 주식회사
울산광역시,울산광역시,남구,신정동,울산대공원 한신더휴,2025,2025-08,302,일반/국평형,우리자산신탁 주식회사
경기도,파주시,"파주운정1,2지구",A36BL,파주 운정신도시 디에트르 센트럴,2025,2025-08,292,일반/국평형,대방개발기업(주)
경기도,오산시,오산시 전체,궐동,오산세교 하우스토리 더센트럴,2025,2025-08,192,일반/국평형,주식회사 하나자산신탁
인천광역시,인천광역시,미추홀구,염전로202번길,서희스타힐스 더 도화,2025,2025-08,144,일반/국평형,(주)유성티엔에스
대구광역시,대구광역시,서구,내당동,두류역자이,2025,2025-08,117,일반/국평형,내당지역주택조합
서울특별시,서울특별시,강남구,대치동,디에이치 대치 에델루이,2025,2025-08,72,일반/국평형,대치동구마을제3지구주택재건축정비사업조합
부산광역시,부산광역시,동구,초량동,북항 월드메르디앙 그랑블루,2025,2025-08,68,일반/국평형,주식회사 코람코자산신탁
부산광역시,부산광역시,해운대구,중동,해운대 하이루프33,2025,2025-08,44,일반/국평형,(주)무궁화신탁
경기도,광주시,광주시 전체,탄벌동,광주 탄벌 서희스타힐스 2단지,2025,2025-08,34,일반/국평형,탄벌지역주택조합
경기도,광주시,광주시 전체,탄벌동,광주 탄벌 서희스타힐스 1단지,2025,2025-08,32,일반/국평형,탄벌4지구지역주택조합
광주광역시,광주광역시,광산구,선운로,선운지구다사로움 공가세대 일반공급,2025,2025-08,28,일반/국평형,광주광역시도시공사
대구광역시,대구광역시,달서구,두류동,두류센트레빌 더 파크(조합원 취소분),2025,2025-08,27,일반/국평형,두류야외음악당지역주택조합
전라남도,순천시,순천시 전체,해룡면,광양만권경제자유구역 신대배후단지 B-6BL 중흥S-클래스 5단지,2025,2025-08,25,일반/국평형,(합)중흥주택
광주광역시,광주광역시,북구,신용동,힐스테이트 신용 더리버(조합원 취소분),2025,2025-08,15,일반/국평형,신용동현대지역주택조합
대전광역시,대전광역시,동구,천동,리더스시티 5블록(보류지) 공공분양주택,2025,2025-08,1,일반/국평형,계룡건설산업(주)
경기도,평택시,평택시 전체,장당동,평택석정공원 화성파크드림,2025,2025-07,1296,일반/국평형,화성산업(주)
충청북도,청주시,흥덕구,오송,오송역 서한이다음 노블리스,2025,2025-07,1113,일반/국평형,코리아신탁(주)
전라북도,군산시,군산시 전체,구암동,e편한세상 군산 디오션루체,2025,2025-07,800,일반/국평형,신한자산신탁 주식회사
대구광역시,대구광역시,서구,비산동,힐스테이트 서대구역 센트럴,2025,2025-07,762,일반/국평형,주식회사 코람코자산신탁
전라남도,무안군,무안군 전체,일로읍,무안 오룡지구 우미린 2차(44BL),2025,2025-07,685,일반/국평형,우미건설(주)
충청남도,아산시,아산시 전체,배방읍,엘리프 아산탕정 공공분양주택,2025,2025-07,682,일반/국평형,계룡건설산업(주)
경기도,화성시,화성시 전체,동탄면,동탄 파크릭스A52BL,2025,2025-07,679,일반/국평형,"현대건설(주),계룡건설산업(주),동부건설(주),대보건설(주)"
경기도,화성시,화성시 전체,동탄면,동탄 파크릭스 A55BL,2025,2025-07,660,일반/국평형,"현대건설(주),계룡건설산업(주),동부건설(주),대보건설(주)"
전라남도,순천시,순천시 전체,덕암동,순천 푸르지오 더 퍼스트,2025,2025-07,560,일반/국평형,코리아신탁(주)
경기도,남양주시,남양주시 전체,와부읍,도심역 한양수자인 리버파인,2025,2025-07,485,일반/국평형,도곡2구역주택재개발정비사업조합
충청남도,아산시,아산시 전체,배방읍,아산배방(2-A13BL) 금강펜테리움 센트럴파크,2025,2025-07,438,일반/국평형,(주)펜테리움건설
경기도,화성시,화성시 전체,동탄면,동탄 파크릭스A51-2BL,2025,2025-07,414,일반/국평형,"현대건설(주),계룡건설산업(주),동부건설(주),대보건설(주)"
전라남도,무안군,무안군 전체,일로읍,무안 오룡지구 우미린 1차(43BL),2025,2025-07,372,일반/국평형,우미건설(주)
울산광역시,울산광역시,북구,신천동,유보라 신천매곡,2025,2025-07,352,일반/국평형,(주)무궁화신탁
경기도,화성시,화성시 전체,동탄면,동탄 파크릭스A51-1BL,2025,2025-07,310,일반/국평형,"현대건설(주),계룡건설산업(주),동부건설(주),대보건설(주)"
경상북도,칠곡군,칠곡군 전체,석적읍,우방아이유쉘 유라밸,2025,2025-07,310,일반/국평형,케이비부동산신탁(주)
전라북도,익산시,익산시 전체,남중동,남중동 오투그란데 뉴퍼스트,2025,2025-07,298,일반/국평형,(주)제일건설
경기도,성남시,분당구,야탑동,분당 금호어울림 그린파크,2025,2025-07,242,일반/국평형,성남시청
대구광역시,대구광역시,서구,내당동,두류 스타힐스,2025,2025-07,201,일반/국평형,내당3지구 지역주택조합
서울특별시,서울특별시,구로구,오리,천왕역 모아엘가 트레뷰,2025,2025-07,140,일반/국평형,주식회사 이레에이치앤씨
서울특별시,서울특별시,성동구,행당동,라체르보 푸르지오 써밋,2025,2025-07,138,일반/국평형,행당제7구역재개발정비사업조합
서울특별시,서울특별시,성동구,용답1길,청계 SK VIEW,2025,2025-07,108,일반/국평형,청계지역주택조합
광주광역시,광주광역시,남구,월산동,더퍼스트 데시앙,2025,2025-07,64,일반/국평형,남구덕림지역주택조합
경기도,용인시,기흥구,동백동,동백호수공원 두산위브더제니스,2025,2025-07,30,일반/국평형,용인동백동지역주택조합
대전광역시,대전광역시,서구,탄방동,둔산 자이 아이파크,2025,2025-06,1353,일반/국평형,숭어리샘주택재건축정비사업조합
인천광역시,인천광역시,서구,"당하,",인천검단 AA21블록 공공분양주택,2025,2025-06,1224,일반/국평형,한국토지주택공사 인천지역본부
경기도,파주시,파주시 전체,당하동,파주 운정신도시 A2BL 호반써밋,2025,2025-06,1110,일반/국평형,파주운정에이투피에프브이㈜
경상남도,사천시,사천시 전체,용현면,e편한세상 사천 스카이마리나,2025,2025-06,1047,일반/국평형,한국투자부동산신탁 주식회사
대구광역시,대구광역시,달서구,상인동,상인 푸르지오 센터파크,2025,2025-06,990,일반/국평형,코리아신탁(주)
경기도,안성시,안성시 전체,공도읍,라포르테 공도,2025,2025-06,986,일반/국평형,(주)하나자산신탁
부산광역시,부산광역시,강서구,강동동,에코델타시티 푸르지오 센터파크,2025,2025-06,972,일반/국평형,"부산도시공사,(주)대우건설,(주)동원개발,(주)에이치제이중공업,(주)한창이엔씨"
울산광역시,울산광역시,중구,다운동,울산다운2 A-9블록 신혼희망타운(공공분양),2025,2025-06,835,일반/국평형,한국토지주택공사 부산울산지역본부
울산광역시,울산광역시,중구,다운동,울산다운2 A-9블록 신혼희망타운(공공분양)추가입주자모집,2025,2025-06,794,일반/국평형,한국토지주택공사 부산울산지역본부
서울특별시,서울특별시,동대문구,휘경동,휘경자이 디센시아,2025,2025-06,700,일반/국평형,휘경3재정비촉진구역주택재개발정비사업조합
경기도,화성시,화성시 전체,비봉면,화성비봉 A-3BL 공공분양주택,2025,2025-06,659,일반/국평형,한국토지주택공사 경기지역본부
충청남도,예산군,예산군 전체,삽교읍,충남내포신도시 대광로제비앙,2025,2025-06,601,일반/국평형,(주)충남내포1피에프브이
충청남도,천안시,동남구,신부동,더샵 신부센트라,2025,2025-06,592,일반/국평형,우리자산신탁 주식회사
충청남도,천안시,서북구,두정동,유보라 천안 두정역,2025,2025-06,556,일반/국평형,(주)반도건설
경기도,파주시,파주운정3지구,A18BL,파주운정 경남아너스빌 디원(A18블록),2025,2025-06,499,일반/국평형,동아건설산업(주)
서울특별시,서울특별시,서대문구,홍은동,서대문 센트럴 아이파크,2025,2025-06,409,일반/국평형,홍은제13구역주택재개발정비사업조합
인천광역시,인천광역시,중구,중산동,영종하늘도시  A41BL 한신더휴(사전청약),2025,2025-06,375,일반/국평형,드림파크개발 주식회사
강원도,강릉시,강릉시 전체,교동,강릉교동 금호어울림 올림픽파크 아파트,2025,2025-06,346,일반/국평형,(주)무궁화신탁
전라북도,김제시,김제시 전체,금구면,남전주IC 서희스타힐스,2025,2025-06,262,일반/국평형,남전주IC지역주택조합
전라북도,익산시,익산시 전체,함열읍,북익산 오투그란데 더원,2025,2025-06,259,일반/국평형,(주)에버종합건설
전라남도,여수시,여수시 전체,관문동,여수 더로제아델리움 해양공원,2025,2025-06,184,일반/국평형,신한자산신탁 주식회사
경기도,안양시,동안구,호계3동,평촌 두산위브 더 프라임,2025,2025-06,178,일반/국평형,삼신6차재건축정비사업조합
서울특별시,서울특별시,서초구,잠원동,메이플자이,2025,2025-06,162,일반/국평형,신반포4지구 재건축정비사업조합
부산광역시,부산광역시,북구,덕천동,한화포레나 부산덕천3차,2025,2025-06,116,일반/국평형,덕천3구역재건축정비사업조합
인천광역시,인천광역시,연수구,옥련동,송도역 경남아너스빌,2025,2025-06,110,일반/국평형,옥련대진빌라주변 주택재개발정비사업조합
제주특별자치도,제주시,제주시 전체,연동,연동 한일베라체 파크뷰,2025,2025-06,93,일반/국평형,미림주택 소규모재건축사업조합
경상북도,의성군,의성군 전체,의성읍,의성 골든렉시움,2025,2025-06,90,일반/국평형,(주)천우건설
부산광역시,부산광역시,부산진구,양정동,아틀리에 933,2025,2025-06,72,일반/국평형,주식회사 대성문
서울특별시,서울특별시,중랑구,중화동,리버센 SK VIEW 롯데캐슬,2025,2025-06,30,일반/국평형,중화1재정비촉진구역주택재개발정비사업조합
전북특별자치도,완주군,완주군 전체,이서면,전주·완주 혁신도시 에코르 2단지 공가세대 일반공급,2025,2025-06,28,일반/국평형,전북개발공사
경기도,광명시,광명시 전체,철산동,철산자이 더 헤리티지,2025,2025-05,1631,일반/국평형,"철산주공8,9단지주택재건축정비사업조합"
경기도,파주시,파주시 전체,탄현면,e편한세상 헤이리,2025,2025-05,1057,일반/국평형,신한자산신탁주식회사
강원도,원주시,원주시 전체,무실동,제일풍경채 원주 무실,2025,2025-05,997,일반/국평형,(주)무궁화신탁
경기도,의왕시,의왕시 전체,내손동,인덕원 자이 SK VIEW,2025,2025-05,899,일반/국평형,내손다구역주택재개발정비사업조합
경기도,화성시,화성시 전체,봉담읍,화성 봉담자이 라젠느,2025,2025-05,862,일반/국평형,주식회사 하나자산신탁
전라북도,군산시,군산시 전체,구암동,더샵 군산프리미엘,2025,2025-05,704,일반/국평형,교보자산신탁(주)
울산광역시,울산광역시,울주군,청량읍,울산덕하역 신일 해피트리 더루츠,2025,2025-05,672,일반/국평형,(주)세정토건
충청북도,청주시,흥덕구,가경동,힐스테이트 청주센트럴 2차,2025,2025-05,258,일반/국평형,(주)무궁화신탁
강원도,양양군,양양군 전체,양양읍,양양 스위트엠 디오션,2025,2025-05,209,일반/국평형,대한토지신탁(주)
서울특별시,서울특별시,관악구,신림동,서울대벤처타운역 푸르지오,2025,2025-05,182,일반/국평형,신림3재정비촉진구역주택재개발정비사업조합
제주특별자치도,제주시,제주시 전체,애월읍,엘리프 애월,2025,2025-05,136,일반/국평형,대한토지신탁(주)
광주광역시,광주광역시,광산구,신창동,신창 유탑 유블레스 리버시티,2025,2025-05,131,일반/국평형,신창동지역주택조합
대전광역시,대전광역시,중구,선화동,선화동 참좋은아파트 우선분양전환 후 잔여세대,2025,2025-05,123,일반/국평형,동건종합건설(주)
경기도,남양주시,남양주시 전체,와부읍,덕소 강변 신일해피트리,2025,2025-05,114,일반/국평형,덕소6에이구역주택재개발정비사업조합
충청남도,서산시,서산시 전체,성연면,서산 테크노밸리 고운하이츠 우선분양전환 후 잔여세대,2025,2025-05,93,일반/국평형,고운주택 주식회사
경기도,군포시,군포시 전체,금정동,금정역 개성로니엘,2025,2025-05,80,일반/국평형,한국자산신탁(주)
부산광역시,부산광역시,부산진구,부암동,서면경남아너스빌엔테로까사,2025,2025-05,80,일반/국평형,우리자산신탁 주식회사
부산광역시,부산광역시,부산진구,범전로,디 에이션 파크 부산,2025,2025-05,69,일반/국평형,신한자산신탁 주식회사
대전광역시,대전광역시,동구,판암동,판암동 참좋은아파트 우선분양전환 후 잔여세대,2025,2025-05,29,일반/국평형,동건종합건설(주)
인천광역시,인천광역시,연수구,송도동,더샵 송도마리나베이(조합원 자격상실세대 3회차),2025,2025-05,1,일반/국평형,센토피아송도랜드마크시티지역주택조합
경기도,평택시,평택시 전체,고덕동,평택 고덕 국제신도시 A-55 대광로제비앙 모아엘가,2025,2025-04,1255,일반/국평형,(주)덕원이앤씨
광주광역시,광주광역시,서구,쌍촌동,상무센트럴자이,2025,2025-04,903,일반/국평형,주식회사 하나자산신탁
충청북도,음성군,음성군 전체,대소면,음성 푸르지오 마크베르,2025,2025-04,644,일반/국평형,주식회사 하나자산신탁
경상남도,창원시,성산구,원이대로878번길,창원자이 시그니처,2025,2025-04,453,일반/국평형,가음8구역 재건축정비사업조합
경상북도,구미시,구미시 전체,공단동,구미 해모로 리버시티,2025,2025-04,424,일반/국평형,공단4주공아파트주택재건축정비사업조합
경기도,오산시,오산세교2지구,A-21블록,오산 세교2지구 A-21블록 모아미래도,2025,2025-04,414,일반/국평형,주식회사 모아종합건설
서울특별시,서울특별시,강동구,성내동,그란츠 리버파크,2025,2025-04,327,일반/국평형,주식회사 코람코자산신탁
충청남도,천안시,서북구,성정동,천안역 경남아너스빌 어반하이츠,2025,2025-04,293,일반/국평형,태초이앤씨 주식회사
전북특별자치도,전주시,완산구,쑥고개로,본 아르떼 리버뷰,2025,2025-04,277,일반/국평형,신한자산신탁 주식회사
부산광역시,부산광역시,부산진구,양정동,두산위브더제니스 센트럴 양정,2025,2025-04,244,일반/국평형,주식회사 하나자산신탁
광주광역시,광주광역시,북구,신안동,산이고운 신용PARK,2025,2025-04,238,일반/국평형,우리자산신탁 주식회사
광주광역시,광주광역시,광산구,운수동,광주선운2 A-1블록 신혼희망타운(공공분양),2025,2025-04,186,일반/국평형,한국토지주택공사 광주전남지역본부
경상남도,창원시,성산구,대원동,힐스테이트 마크로엔,2025,2025-04,168,일반/국평형,대원1구역주택재건축정비사업조합
부산광역시,부산광역시,부산진구,전포동,서면 가화만사성 더 테라스,2025,2025-04,158,일반/국평형,(주)무궁화신탁
울산광역시,울산광역시,중구,다운동,다운 한양립스 더 퍼스트 하임,2025,2025-04,140,일반/국평형,"울산다운지역주택조합,(주)한양건설"
인천광역시,인천광역시,미추홀구,주안동,주안 극동스타클래스 더 로얄,2025,2025-04,114,일반/국평형,로얄맨션주택재건축정비사업조합
광주광역시,광주광역시,광산구,운수동,광주선운2 A-3블록 신혼희망타운(공공분양),2025,2025-04,105,일반/국평형,한국토지주택공사 광주전남지역본부
경기도,부천시,원미구,신흥로,부천 JY 포에시아,2025,2025-04,55,일반/국평형,한국자산신탁(주)
대구광역시,대구광역시,달서구,두류동,두류센트레빌 더 파크,2025,2025-04,52,일반/국평형,두류야외음악당지역주택조합
경기도,성남시,분당구,산운로,성남판교 산운마을9단지 대방노블랜드 아파트 우선 분양전환 후 잔여세대(15세대),2025,2025-04,15,일반/국평형,대방건설 주식회사
인천광역시,인천광역시,중구,신흥동,인천 신흥동 3가 숭의역 엘크루(조합원취소분),2025,2025-04,15,일반/국평형,인천 신흥동3가 지역주택조합
대전광역시,대전광역시,서구,도산로,대전 도마·변동 11구역 호반써밋 그랜드센트럴(조합원 취소분),2025,2025-04,4,일반/국평형,도마변동11재정비촉진구역 주택재개발정비사업조합
서울특별시,서울특별시,성북구,장위동,장위자이 레디언트,2025,2025-03,1330,일반/국평형,장위4구역주택재개발정비사업조합
부산광역시,부산광역시,부산진구,양정동,양정자이더샵SKVIEW,2025,2025-03,1162,일반/국평형,양정1구역 주택재개발정비사업조합
전라북도,익산시,익산시 전체,평화동,익산평화 주거환경개선사업지구 공공분양주택,2025,2025-03,1053,일반/국평형,한국토지주택공사 전북지역본부
충청남도,천안시,서북구,두정동,힐스테이트 두정역,2025,2025-03,997,일반/국평형,(주)무궁화신탁
경기도,오산시,오산시 전체,탑동,오산세교2 한신더휴(A16블록),2025,2025-03,844,일반/국평형,세교피에프브이 주식회사
서울특별시,서울특별시,광진구,자양동,롯데캐슬 이스트폴,2025,2025-03,631,일반/국평형,롯데건설(주)
경상북도,구미시,구미시 전체,상모동,e편한세상 구미상모 트리베뉴,2025,2025-03,620,일반/국평형,대신자산신탁 주식회사
경상남도,거제시,거제시 전체,아주동,거제 한신더휴,2025,2025-03,547,일반/국평형,케이비부동산신탁(주)
충청북도,옥천군,옥천군 전체,옥천읍,e편한세상 옥천 퍼스트원,2025,2025-03,545,일반/국평형,교보자산신탁(주)
경기도,오산시,세교2지구,A10블록,오산 세교2지구 A10블록 칸타빌 더퍼스트,2025,2025-03,514,일반/국평형,(주)대원
충청남도,홍성군,홍성군 전체,홍성읍,e편한세상 홍성 더센트럴,2025,2025-03,470,일반/국평형,(주)한국토지신탁
경기도,파주시,파주운정3지구,A48BL,파주운정 경남아너스빌 리버(A48블록),2025,2025-03,457,일반/국평형,삼환기업(주)
경상남도,고성군,고성군 전체,고성읍,고성 스위트엠 엘크루,2025,2025-03,435,일반/국평형,대한토지신탁(주)
경기도,안양시,동안구,호계동,아크로 베스티뉴,2025,2025-03,391,일반/국평형,호계온천주변지구 재개발정비사업조합
대전광역시,대전광역시,중구,중촌동,중촌 SK VIEW,2025,2025-03,307,일반/국평형,중촌동1구역주택재건축정비사업조합
전라남도,함평군,함평군 전체,대동면,함평 엘리체 시그니처,2025,2025-03,232,일반/국평형,대선이앤씨 유한회사
대구광역시,대구광역시,북구,칠성동,빌리브루센트,2025,2025-03,232,일반/국평형,코리아신탁(주)
부산광역시,부산광역시,서구,암남동,송도자이르네 디오션,2025,2025-03,227,일반/국평형,한국투자부동산신탁 주식회사
광주광역시,광주광역시,북구,첨단연신로,광주첨단2지구 사랑으로 부영 분양전환 후 잔여세대,2025,2025-03,176,일반/국평형,(주)부영주택
광주광역시,광주광역시,광산구,선암동,어등산 진아리채 리버필드,2025,2025-03,142,일반/국평형,선운진아리채지역주택조합
서울특별시,서울특별시,동대문구,답십리동,e편한세상 답십리 아르테포레(국민주택),2025,2025-03,121,일반/국평형,서울주택도시공사
부산광역시,부산광역시,사상구,주례동,냉정역 비스타동원,2025,2025-03,120,일반/국평형,우리자산신탁 주식회사
전북특별자치도,남원시,남원시 전체,노암동,남원 드림헤이븐,2025,2025-03,115,일반/국평형,드림건설 주식회사
경기도,의정부시,의정부시 전체,의정부동,의정부역 다채로움,2025,2025-03,92,일반/국평형,교보자산신탁(주)
서울특별시,서울특별시,용산구,한강로,용산 호반써밋 에이디션,2025,2025-03,90,일반/국평형,국제빌딩주변 제5구역 도시정비형 재개발사업조합
전라남도,담양군,담양군 전체,담양읍,담양센트럴파크 남양휴튼,2025,2025-03,72,일반/국평형,담양센트럴파크 지역주택조합
경기도,부천시,부천시 전체,심곡동,부천 중앙하이츠 심곡 102동,2025,2025-03,40,일반/국평형,신흥연립 가로주택정비사업조합
경기도,평택시,평택시 전체,청북읍,평택청북 사랑으로 부영 2차 아파트 우선분양 전환 후 잔여세대,2025,2025-03,39,일반/국평형,(주)동광주택
경상남도,김해시,김해시 전체,삼문동,이안 센트럴포레 장유 1단지,2025,2025-03,11,일반/국평형,김해장유지역주택조합1단지
경상남도,김해시,김해시 전체,삼문동,이안 센트럴포레 장유 2단지,2025,2025-03,10,일반/국평형,김해장유지역주택조합2단지
대전광역시,대전광역시,서구,용문동,둔산 더샵 엘리프,2025,2025-02,1935,일반/국평형,용문동1·2·3구역주택재건축정비사업조합
강원도,원주시,원주시 전체,관설동,힐스테이트 원주 레스티지,2025,2025-02,975,일반/국평형,우리자산신탁 주식회사
충청남도,천안시,서북구,부대동,천안 부성지구 한라비발디,2025,2025-02,654,일반/국평형,(주)무궁화신탁
대구광역시,대구광역시,북구,읍내동,화성파크드림 구수산공원,2025,2025-02,520,일반/국평형,(주)구수산 민간공원  PFV
충청남도,논산시,논산시 전체,대교동,논산 아이파크,2025,2025-02,453,일반/국평형,주식회사 하나자산신탁
제주특별자치도,제주시,제주시 전체,애월읍,효성해링턴 플레이스 제주,2025,2025-02,425,일반/국평형,신한자산신탁 주식회사
경기도,오산시,오산세교2지구,A18블럭,오산 SK VIEW 2차,2025,2025-02,380,일반/국평형,신한자산신탁 주식회사
경상북도,칠곡군,칠곡군 전체,왜관읍,칠곡 왜관 월드메르디앙 웰리지,2025,2025-02,352,일반/국평형,대한토지신탁(주)
경상남도,창원시,진해구,제덕동,남문동일스위트 The Ocean 1단지,2025,2025-02,349,일반/국평형,(주)동일스위트
경기도,파주시,파주시 전체,운정신도시,파주 운정신도시 A49블록 시티프라디움 (본청약),2025,2025-02,275,일반/국평형,(주)시티글로벌
경상남도,창원시,진해구,제덕동,남문동일스위트 The Ocean 2단지,2025,2025-02,264,일반/국평형,(주)동일스위트
인천광역시,인천광역시,서구,오류동,왕길역 금호어울림 에듀그린,2025,2025-02,243,일반/국평형,우리자산신탁 주식회사
광주광역시,광주광역시,서구,치평동,광주 상무 퍼스티넘 스위첸,2025,2025-02,226,일반/국평형,코크렙상무(주)
대구광역시,대구광역시,북구,관음동,태왕아너스 프리미어,2025,2025-02,136,일반/국평형,성창재건축정비사업조합
서울특별시,서울특별시,관악구,봉천동,힐스테이트 관악센트씨엘,2025,2025-02,101,일반/국평형,봉천제4-1-2구역주택재개발정비사업조합
인천광역시,인천광역시,부평구,부평동,부평 하우스토리 어반그린,2025,2025-02,84,일반/국평형,창휘연립소규모재건축정비사업조합
서울특별시,서울특별시,강동구,천호동,천호역 마에스트로,2025,2025-02,77,일반/국평형,(주)무궁화신탁
제주특별자치도,제주시,제주시 전체,일도일동,제주 플래티움 61,2025,2025-02,58,일반/국평형,주식회사 드레임디앤씨
인천광역시,인천광역시,강화군,선원면,인천강화서희스타힐스 1단지(조합원 취소세대),2025,2025-02,17,일반/국평형,강화지역주택조합
경기도,평택시,평택시 전체,고덕동,평택고덕 A-57-2블록 신혼희망타운(공공분양) 추가입주자모집공고,2025,2025-02,3,일반/국평형,한국토지주택공사 경기지역본부
서울특별시,서울특별시,강동구,둔촌1동,올림픽파크 포레온,2025,2025-01,4786,일반/국평형,둔촌주공아파트주택재건축정비사업조합
서울특별시,서울특별시,동대문구,이문동,래미안 라그란데,2025,2025-01,920,일반/국평형,이문1재정비촉진구역주택재개발정비사업조합
충청남도,아산시,아산시 전체,배방읍,e편한세상 탕정 퍼스트드림(2-A10블록) 공공분양주택,2025,2025-01,893,일반/국평형,"충청남도개발공사,디엘이앤씨㈜,대웅건설㈜,활림건설㈜,해유건설㈜"
경상남도,창원시,마산회원구,양덕2동,창원 롯데캐슬 하버팰리스,2025,2025-01,748,일반/국평형,양덕4구역 주택재개발정비사업조합
인천광역시,인천광역시,중구,중산동,인천영종 A60블록 공공분양주택,2025,2025-01,675,일반/국평형,한국토지주택공사 인천지역본부
인천시,중구,중구 전체,운서동,인천영종 A37블록 공공분양주택,2025,2025-01,514,일반/국평형,한국토지주택공사 인천지역본부
제주특별자치도,서귀포시,서귀포시 전체,대정읍,한화 포레나 제주에듀시티,2025,2025-01,503,일반/국평형,주식회사 하나자산신탁
충청북도,옥천군,옥천군 전체,옥천읍,옥천역 금호어울림 더퍼스트,2025,2025-01,499,일반/국평형,대한토지신탁(주)
인천광역시,인천광역시,부평구,부평동,e편한세상 부평역 센트럴파크,2025,2025-01,457,일반/국평형,부평2구역주택재개발정비사업조합
경상남도,김해시,김해시 전체,삼계동,쌍용 더 플래티넘 삼계,2025,2025-01,253,일반/국평형,우리자산신탁 주식회사
부산광역시,부산광역시,서구,충무대로21번길,e편한세상 송도 더퍼스트비치,2025,2025-01,200,일반/국평형,부산송도지역주택조합
전라남도,여수시,여수시 전체,오림동,여수 한국아델리움 프라하,2025,2025-01,186,일반/국평형,한국건설 주식회사
충청북도,청주시,흥덕구,강내면,청주 흥덕 칸타빌 더뉴,2025,2025-01,149,일반/국평형,청주흥덕지역주택조합
대구광역시,대구광역시,달서구,두류동,두류역 서한포레스트,2025,2025-01,105,일반/국평형,두류동지역주택조합
세종특별자치시,조치원읍,조치원읍 전체,번암리,세종 번암리 리치빌 1차,2025,2025-01,47,일반/국평형,(주)대미건설산업
세종특별자치시,조치원읍,조치원읍 전체,번암리,세종 번암리 리치빌 2차,2025,2025-01,44,일반/국평형,(주)대미건설산업
세종특별자치시,조치원읍,조치원읍 전체,번암리,세종 번암리 리치빌 3차,2025,2025-01,40,일반/국평형,(주)대미건설산업
세종특별자치시,산울동,산울동 전체,일원(행정중심복합도시,엘리프세종6-3 신혼희망타운 추가입주자 모집,2025,2025-01,23,일반/국평형,계룡건설산업(주)
경기도,광명시,광명시 전체,광명1동,트리우스 광명,2024,2024-12,730,일반/국평형,광명제2R구역 주택재개발정비사업조합
전라북도,익산시,익산시 전체,남중동,익산 남중동 광신프로그레스 더센트로,2024,2024-12,541,일반/국평형,(주)아람주택
경기도,수원시,권선구,서둔동,힐스테이트 수원파크포레,2024,2024-12,482,일반/국평형,(주)무궁화신탁
인천광역시,인천광역시,중구,중산동,인천영종 A33블록 공공분양주택,2024,2024-12,447,일반/국평형,한국토지주택공사 인천지역본부
경기도,화성시,화성시 전체,동탄2택지개발지구(A56블럭),e편한세상 동탄 파크아너스 A56블럭(1회차),2024,2024-12,437,일반/국평형,(주)화성동탄경남하동귀농귀촌주택위탁관리부동산투자회사
경기도,용인시,수지구,죽전동,e편한세상 죽전 프리미어포레,2024,2024-12,430,일반/국평형,주식회사 코람코자산신탁
경기도,화성시,동탄2택지개발지구,(A56블럭),e편한세상 동탄 파크아너스 A56블럭(2회차),2024,2024-12,363,일반/국평형,(주)화성동탄경남하동귀농귀촌주택위탁관리부동산투자회사
경상남도,함양군,함양군 전체,함양읍,함양 금호어울림 리더스파크,2024,2024-12,306,일반/국평형,한국자산신탁(주)
경기도,파주시,운정3지구,동패동,파주 운정신도시 우미 린 파크힐스(본청약),2024,2024-12,292,일반/국평형,(주)무궁화신탁
경기도,오산시,오산세교2지구,A19블럭,오산 SK VIEW 1차,2024,2024-12,264,일반/국평형,신한자산신탁 주식회사
강원도,속초시,속초시 전체,장사동,속초 헤리엇 THE 228,2024,2024-12,228,일반/국평형,교보자산신탁(주)
서울특별시,서울특별시,구로구,개봉동,호반써밋 개봉,2024,2024-12,190,일반/국평형,개봉5구역주택재건축정비사업조합
대구광역시,대구광역시,수성구,황금동,힐스테이트 황금역 리저브 2단지,2024,2024-12,185,일반/국평형,교보자산신탁㈜
강원도,강릉시,강릉시 전체,지변동,강릉 더리브 퍼스티지 아파트,2024,2024-12,176,일반/국평형,케이비부동산신탁(주)
광주광역시,광주광역시,남구,월산동,힐스테이트 월산,2024,2024-12,161,일반/국평형,월산현대지역주택조합
대구광역시,대구광역시,수성구,황금동,힐스테이트 황금역 리저브 1단지,2024,2024-12,152,일반/국평형,교보자산신탁㈜
경기도,고양시,덕양구,성사동,e편한세상 시티 원당,2024,2024-12,100,일반/국평형,주식회사 고양성사혁신지구재생사업위탁관리부동산투자회사
대구광역시,대구광역시,중구,남산동,명덕역 루지움 푸르나임,2024,2024-12,99,일반/국평형,남산행복 가로주택정비사업조합
울산광역시,울산광역시,울주군,온양읍,울산 온양발리 신일해피트리 더루츠,2024,2024-12,95,일반/국평형,울산온양발리스타지역주택조합
경기도,수원시,수원시 전체,영화동,수원 비셀토64,2024,2024-12,64,일반/국평형,코리아신탁(주)
충청남도,공주시,공주시 전체,유구읍,유구CITY아파트,2024,2024-12,44,일반/국평형,주식회사 비에스개발
울산광역시,울산광역시,중구,우정동,태화강 유보라 팰라티움(조합원 취소분),2024,2024-12,33,일반/국평형,우정지역주택조합
전북특별자치도,완주군,완주군 전체,이서면,전주·완주 혁신도시 에코르 2단지 공가세대 일반공급,2024,2024-12,18,일반/국평형,전북개발공사
경기도,성남시,분당구,산운로,성남판교 산운마을9단지 대방노블랜드 아파트 우선 분양전환 후 잔여세대,2024,2024-12,3,일반/국평형,대방건설 주식회사
전북특별자치도,익산시,익산시 전체,배산로,익산배산 제일풍경채 에듀파크 공가세대 일반공급,2024,2024-12,2,일반/국평형,전북개발공사
서울특별시,서울특별시,강서구,화곡동,강서 금호어울림 퍼스티어 신혼희망타운(공공분양) 잔여세대,2024,2024-12,1,일반/국평형,한국토지주택공사 서울지역본부
서울특별시,서울특별시,강남구,수서동,수서역세권 A3블록 신혼희망타운(공공분양) 잔여세대,2024,2024-12,1,일반/국평형,한국토지주택공사 서울지역본부
경기도,평택시,평택시 전체,고덕동,평택고덕 A-53BL 신혼희망타운(공공분양),2024,2024-11,778,일반/국평형,한국토지주택공사 경기지역본부
경기도,파주시,운정3지구,A39블록,파주 운정신도시 A39BL 호반써밋,2024,2024-11,518,일반/국평형,티에스리빙 주식회사
경기도,평택시,평택시 전체,고덕동,평택고덕 A-53BL 신혼희망타운(공공분양) 추가모집,2024,2024-11,488,일반/국평형,한국토지주택공사 경기지역본부
서울특별시,서울특별시,은평구,역촌동,센트레빌 아스테리움 시그니처,2024,2024-11,454,일반/국평형,역촌1구역주택재건축정비사업조합
경기도,화성시,화성시 전체,우정읍,화성 조암 스위트엠,2024,2024-11,224,일반/국평형,대한토지신탁(주)
전라북도,전주시,덕진구,반월동,전주 반월동3차 세움펠리피아,2024,2024-11,181,일반/국평형,(주)창대디앤씨
강원특별자치도,원주시,원주시 전체,무실로,원주무실 사랑으로 부영 분양전환 후 잔여세대,2024,2024-11,158,일반/국평형,(주)부영주택
대구광역시,대구광역시,수성구,수성동,수성 자이르네,2024,2024-11,145,일반/국평형,수성동1가 가로주택정비사업조합
경기도,수원시,권선구,권선동,수원 아이파크 시티 10단지,2024,2024-11,128,일반/국평형,에이치디씨현대산업개발 주식회사
강원특별자치도,인제군,인제군 전체,북면,인제 라포레 아파트,2024,2024-11,121,일반/국평형,(주)항상위드
서울특별시,서울특별시,강동구,둔촌동,더샵 둔촌포레,2024,2024-11,74,일반/국평형,둔촌현대1차아파트리모델링주택조합
경기도,안성시,안성시 전체,공도읍,공도 서희스타힐스(조합원 자격상실 세대),2024,2024-11,5,일반/국평형,공도스타허브지역주택조합
경기도,성남시,수정구,창곡동,위례 A2-6BL 신혼희망타운(공공분양) 잔여세대,2024,2024-11,5,일반/국평형,한국토지주택공사 서울지역본부
충청남도,천안시,서북구,성거읍,직산역 서희스타힐스(조합원 취소분),2024,2024-11,3,일반/국평형,천안첨단지역주택조합
경기도,성남시,분당구,판교원로,판교원마을 6단지 대광로제비앙 우선 분양 후 잔여세대,2024,2024-11,3,일반/국평형,진원이앤씨 주식회사
경기도,부천시,부천시 전체,괴안동,부천괴안 B1블록 신혼희망타운(공공분양) 추가모집,2024,2024-11,1,일반/국평형,한국토지주택공사 인천지역본부
경기도,의정부시,의정부시 전체,신곡동,의정부역 브라운스톤 리버뷰,2024,2024-10,584,일반/국평형,장암생활권1구역 주택재개발정비사업조합
인천광역시,인천광역시,중구,운남동,인천 영종하늘도시 A56블록 호반써밋 스카이센트럴Ⅱ,2024,2024-10,583,일반/국평형,(주)호반건설
경기도,광명시,광명시 전체,광명동,광명 제10R구역 호반써밋 그랜드 에비뉴,2024,2024-10,493,일반/국평형,광명제10알구역주택재개발정비사업조합
대전광역시,대전광역시,동구,가양동,힐스테이트 가양 더와이즈,2024,2024-10,358,일반/국평형,우리자산신탁(주)
울산광역시,울산광역시,남구,신정동,문수로 아르티스,2024,2024-10,273,일반/국평형,주식회사 하나자산신탁
세종특별자치시,조치원읍,조치원읍 전체,교리,한신더휴 조치원,2024,2024-10,190,일반/국평형,교동아파트재건축정비사업조합
강원특별자치도,원주시,원주시 전체,단구로,원주 세경5차아파트,2024,2024-10,177,일반/국평형,세경건설(주)
광주광역시,광주광역시,남구,봉선동,e편한세상 봉선 셀레스티지,2024,2024-10,176,일반/국평형,장미구역주택재건축정비사업조합
서울특별시,서울특별시,강서구,공항동,더 트루엘 마곡 HQ,2024,2024-10,148,일반/국평형,케이비부동산신탁(주)
대구광역시,대구광역시,수성구,범어동,대구 범어 아이파크,2024,2024-10,143,일반/국평형,범어우방1차아파트 주택재건축정비사업조합
경기도,화성시,화성시 전체,비봉면,킹덤시티주상복합,2024,2024-10,96,일반/국평형,신한자산신탁 주식회사
경상남도,창원시,의창구,명곡동,창원명곡 A-1블록 신혼희망타운(공공분양),2024,2024-10,73,일반/국평형,한국토지주택공사 경남지역본부
인천광역시,인천광역시,연수구,송도동,더샵 송도마리나베이 입주자모집공고 (조합원 자격상실세대 2회차),2024,2024-10,50,일반/국평형,센토피아송도랜드마크시티지역주택조합
경기도,하남시,하남시 전체,덕풍동,하남시청역 하우스원,2024,2024-10,45,일반/국평형,은아빌
광주광역시,광주광역시,광산구,소촌로64번길,소촌동 대라수,2024,2024-10,40,일반/국평형,대라주택건설(주)
대구광역시,대구광역시,북구,태전로7길,대구 태전역 광신프로그레스(조합원 취소분),2024,2024-10,26,일반/국평형,태전동 지역주택조합
인천광역시,인천광역시,서구,왕길동,왕길역 로열파크씨티 푸르지오,2024,2024-09,1500,일반/국평형,주식회사 하나자산신탁
경기도,성남시,분당구,대장동,성남판교대장 A-10블록 신혼희망타운,2024,2024-09,749,일반/국평형,한국토지주택공사 경기지역본부
서울특별시,서울특별시,송파구,문정동,힐스테이트 e편한세상 문정,2024,2024-09,299,일반/국평형,문정동136번지일원 재건축정비사업조합
부산광역시,부산광역시,금정구,남산동,아센시아 더 플러스,2024,2024-09,68,일반/국평형,코리아신탁(주)
경기도,의정부시,의정부시 전체,가능동,가능역 하우스토리 리버블리스,2024,2024-09,64,일반/국평형,의정부가능동15다시14번지일원 가로주택정비사업조합
경기도,광주시,광주시 전체,탄벌동,광주 탄벌 서희스타힐스 1단지,2024,2024-09,47,일반/국평형,탄벌4지구지역주택조합
대구광역시,대구광역시,중구,동인동,동인 태왕아너스 라플란드,2024,2024-09,40,일반/국평형,대구 동인시영 LH참여형 가로주택정비사업조합
경기도,광주시,광주시 전체,탄벌동,광주 탄벌 서희스타힐스 2단지,2024,2024-09,29,일반/국평형,탄벌지역주택조합
부산광역시,부산광역시,동래구,사직동,사직 하늘채 리센티아(조합원 취소분),2024,2024-09,9,일반/국평형,사직지역주택조합
경기도,과천시,과천시 전체,과천대로8길,과천지식정보타운 S-7블록 신혼희망타운(공공분양) 잔여세대 입주자 모집,2024,2024-09,1,일반/국평형,한국토지주택공사 경기남부지역본부
경기도,성남시,분당구,대장동,성남판교대장 A-10블록 신혼희망타운(공공분양) 잔여세대,2024,2024-09,1,일반/국평형,한국토지주택공사 경기남부지역본부
서울특별시,서울특별시,서초구,반포동,래미안 원펜타스,2024,2024-08,292,일반/국평형,신반포15차아파트주택재건축정비사업조합
충청남도,아산시,아산시 전체,배방읍,아산 탕정지구 2-A12BL 대광로제비앙(본청약),2024,2024-08,186,일반/국평형,(주)디케이랜드
전라남도,여수시,여수시 전체,학용동,여수 원더라움 더힐,2024,2024-08,172,일반/국평형,우평건설 주식회사
경기도,남양주시,남양주시 전체,다산동,다산 유보라 마크뷰,2024,2024-08,166,일반/국평형,지금도농2구역 재개발정비사업조합
경상북도,성주군,성주군 전체,성주읍,성주 성밖숲 대유 리엘 아파트,2024,2024-08,140,일반/국평형,(주)무궁화신탁
강원특별자치도,정선군,정선군 전체,사북읍,정선산수빌,2024,2024-08,85,일반/국평형,강원개발공사
전라남도,장성군,장성군 전체,장성읍,장성 바울루체,2024,2024-08,70,일반/국평형,한국자산신탁(주)
경기도,안양시,만안구,안양동,디오르나인 안양역,2024,2024-08,66,일반/국평형,주식회사 하나자산신탁
경기도,의정부시,의정부시 전체,의정부동,명남더블레스,2024,2024-08,64,일반/국평형,코리아신탁(주)
경상남도,고성군,고성군 전체,고성읍,금강드림피아 5차,2024,2024-08,38,일반/국평형,금강주택건설(주)
인천광역시,인천광역시,강화군,선원면,인천 강화 서희스타힐스 1단지,2024,2024-08,32,일반/국평형,강화지역주택조합
부산광역시,부산광역시,해운대구,우동,해운대역 푸르지오 더원,2024,2024-07,351,일반/국평형,한국자산신탁(주)
경기도,평택시,고덕국제화계획지구,A49블록,평택 고덕국제신도시 A-49블록 호반써밋 3차(본청약),2024,2024-07,282,일반/국평형,주식회사 스카이리빙
부산광역시,부산광역시,사상구,괘법동,보해 썬시티 리버파크,2024,2024-07,214,일반/국평형,(주)무궁화신탁
충청남도,서산시,서산시 전체,성연면,서산 테크노밸리 고운하이츠,2024,2024-07,183,일반/국평형,고운주택 주식회사
울산광역시,울산광역시,울주군,온양읍,온양발리 한양립스 더퍼스트(조합원 취소분),2024,2024-07,84,일반/국평형,발리지역주택조합
강원특별자치도,동해시,동해시 전체,쇄운동,동해석미모닝파크,2024,2024-07,79,일반/국평형,(주)건일아이앤디
강원특별자치도,철원군,철원군 전체,갈말읍,철원석미모닝파크,2024,2024-07,69,일반/국평형,(주)건일아이앤디
경기도,부천시,부천시 전체,괴안동,이안 시그니처 역곡,2024,2024-07,58,일반/국평형,삼협연립3차가로주택정비사업조합
부산광역시,부산광역시,부산진구,부암동,해피투모로우 쥬디원,2024,2024-07,56,일반/국평형,신서면아파트 소규모재건축 정비사업조합
전라남도,화순군,화순군 전체,화순읍,힐스테이트 화순 2차,2024,2024-07,55,일반/국평형,화순현대지역주택조합
대전광역시,대전광역시,중구,태평동,라 테라스 PH42,2024,2024-07,42,일반/국평형,빅홀딩스 주식회사
충청북도,영동군,영동군 전체,영동읍,영동군 매천리 골든렉시움,2024,2024-07,35,일반/국평형,주식회사 행복정원
부산광역시,부산광역시,동래구,온천동,지음 시그너스 인 동래,2024,2024-07,34,일반/국평형,코리아신탁(주)
서울특별시,서울특별시,서초구,반포동,래미안 원베일리(조합원 취소분),2024,2024-07,1,일반/국평형,"신반포3차,경남아파트 주택재건축정비사업조합"
경기도,김포시,김포시 전체,고촌읍,고촌센트럴자이,2024,2024-06,1297,일반/국평형,한국투자부동산신탁 주식회사
경기도,화성시,화성시 전체,장지동,동탄레이크파크 자연앤 e편한세상(국민주택),2024,2024-06,907,일반/국평형,경기주택도시공사
인천광역시,인천광역시,미추홀구,주안동,더샵 아르테,2024,2024-06,770,일반/국평형,주안10구역주택재개발정비사업조합
부산광역시,부산광역시,해운대구,우동,해운대 경동리인뷰 2차,2024,2024-06,632,일반/국평형,우리자산신탁 주식회사
인천광역시,인천광역시,남동구,간석동,힐스테이트 인천시청역,2024,2024-06,485,일반/국평형,백운주택1구역주택재개발정비사업조합
경기도,화성시,화성시 전체,장지동,동탄레이크파크 자연앤 e편한세상(민영주택),2024,2024-06,320,일반/국평형,경기주택도시공사
대구광역시,대구광역시,서구,큰장로7길,반고개역 푸르지오,2024,2024-06,240,일반/국평형,신한자산신탁 주식회사
서울특별시,서울특별시,강동구,길동,강동 헤리티지 자이,2024,2024-06,219,일반/국평형,길동신동아1차2차아파트주택재건축정비사업조합
광주광역시,광주광역시,서구,쌍촌동,상무 더로제 아델리움 57 센트리에,2024,2024-06,144,일반/국평형,코리아신탁(주)
경기도,의왕시,의왕시 전체,광진말1로,의왕초평 A-3블록 신혼희망타운(공공분양) 잔여세대 추가입주자모집공고,2024,2024-06,23,일반/국평형,한국토지주택공사 경기남부지역본부
경상남도,창원시,성산구,대원동,창원 센트럴파크 에일린의 뜰,2024,2024-05,1107,일반/국평형,대원3구역주택재건축정비사업조합
경상남도,양산시,양산시 전체,중부동,양산 금호 리첸시아 시그니처,2024,2024-05,213,일반/국평형,대한토지신탁(주)
광주광역시,광주광역시,북구,양산동,양산동 명지써밋,2024,2024-05,153,일반/국평형,(유) 명지개발
인천광역시,인천광역시,연수구,동춘동,연수 월드메르디앙 어반포레,2024,2024-05,134,일반/국평형,대신자산신탁 주식회사
인천광역시,인천광역시,연수구,송도동,"송도 하늘채 아이비원(M2-3-1,2BL)",2024,2024-05,119,일반/국평형,송도센트럴1지구 지역주택조합
부산광역시,부산광역시,북구,덕천동,신화하니엘 에비뉴힐,2024,2024-05,107,일반/국평형,신한자산신탁 주식회사
경기도,용인시,수지구,동천동,동천역 트리너스,2024,2024-05,94,일반/국평형,한국투자부동산신탁 주식회사
부산광역시,부산광역시,사상구,사상로250번길,풍경아파트,2024,2024-05,76,일반/국평형,신영부동산신탁 주식회사
경상남도,거창군,거창군 전체,거창읍,거창 ES아뜨리움,2024,2024-05,76,일반/국평형,(주)이에스산업개발
경기도,양주시,양주시 전체,덕계동,덕계역 진산 블루시엘,2024,2024-05,54,일반/국평형,코리아신탁(주)
전라남도,장흥군,장흥군 전체,대덕읍,대덕읍 더포레스트 에코파크,2024,2024-05,45,일반/국평형,주식회사 코람코자산신탁
경기도,광주시,광주시 전체,탄벌동,광주 탄벌 서희스타힐스 1단지,2024,2024-05,45,일반/국평형,탄벌4지구지역주택조합
인천광역시,인천광역시,부평구,청천동,e편한세상 부평 그랑힐스(보류지),2024,2024-05,44,일반/국평형,청천2구역 주택재개발정비사업조합
충청남도,아산시,아산시 전체,탕정면,아산 탕정 삼성트라팰리스,2024,2024-05,44,일반/국평형,삼성디스플레이(주)
광주시,탄벌동,탄벌동 전체,532-2번지,광주 탄벌 서희스타힐스 2단지,2024,2024-05,41,일반/국평형,탄벌지역주택조합
경기도,부천시,부천시 전체,원미동,부천 원미 동문 디 이스트,2024,2024-05,38,일반/국평형,(주)무궁화신탁
경상남도,함양군,함양군 전체,함양읍,하이페리온 골드,2024,2024-05,34,일반/국평형,(주)신천건설
경기도,의왕시,의왕시 전체,고천동,의왕고천 A-2BL 신혼희망타운(공공분양) 잔여세대,2024,2024-05,1,일반/국평형,한국토지주택공사 경기남부지역본부
경기도,용인시,기흥구,마북동,e편한세상 용인역 플랫폼시티,2024,2024-04,999,일반/국평형,한국자산신탁(주)
충청남도,천안시,서북구,백석동,천안 백석 센트레빌 파크디션,2024,2024-04,358,일반/국평형,(주)한국토지신탁
부산광역시,부산광역시,동래구,수안동,이룸 더 시티,2024,2024-04,104,일반/국평형,(주)무궁화신탁
서울특별시,서울특별시,구로구,가리봉동,남구로역 동일 센타시아,2024,2024-04,91,일반/국평형,우리자산신탁 주식회사
강원특별자치도,고성군,고성군 전체,간성읍,고성석미모닝파크,2024,2024-04,82,일반/국평형,(주)건일아이앤디
경상남도,의령군,의령군 전체,의령읍,혜성미 주상복합아파트,2024,2024-04,39,일반/국평형,혜성개발
서울특별시,서울특별시,강동구,길동,강동 중앙하이츠 시티,2024,2024-04,36,일반/국평형,한국자산신탁(주)
경기도,수원시,권선구,당수로129번길,수원당수 A-4블럭 신혼희망타운(공공분양) 잔여세대 추가입주자모집공고,2024,2024-04,1,일반/국평형,한국토지주택공사 경기남부지역본부
서울특별시,서울특별시,동작구,상도동,상도 푸르지오 클라베뉴,2024,2024-03,771,일반/국평형,우리자산신탁 주식회사
충청남도,천안시,서북구,부대동,천안 부성지구 우남퍼스트빌,2024,2024-03,316,일반/국평형,"(주)더블유건설,(주)다림씨앤씨"
광주광역시,광주광역시,북구,신용동,힐스테이트 신용 더리버,2024,2024-03,206,일반/국평형,신용동현대지역주택조합
부산광역시,부산광역시,수영구,민락동,테넌바움294 Ⅰ,2024,2024-03,192,일반/국평형,주식회사 씨엘건설
강원특별자치도,동해시,동해시 전체,해안로,동해발한석미모닝파크,2024,2024-03,152,일반/국평형,석미건설(주)
울산광역시,울산광역시,중구,복산동,번영로 서한이다음 프레스티지,2024,2024-03,109,일반/국평형,주식회사 하나자산신탁
부산광역시,부산광역시,수영구,민락동,테넌바움294 Ⅱ,2024,2024-03,102,일반/국평형,주식회사 씨엘건설
경기도,부천시,부천시 전체,범박동,일루미스테이트(보류지),2024,2024-03,59,일반/국평형,계수범박구역주택재개발정비사업조합
서울특별시,서울특별시,강동구,성내동,에스아이팰리스 올림픽공원,2024,2024-03,58,일반/국평형,주식회사 성우파트너스
경기도,남양주시,남양주시 전체,다산동,해링턴 플레이스 다산파크,2024,2024-02,350,일반/국평형,코리아신탁(주)
충청북도,제천시,제천시 전체,신백동,제천 신백 선광로즈웰아파트,2024,2024-02,209,일반/국평형,선광건설 주식회사
제주특별자치도,제주시,제주시 전체,조천읍,제주시 엘크루 더 퍼스트,2024,2024-02,134,일반/국평형,(주)한국토지신탁
전라북도,익산시,익산시 전체,팔봉동,익산 피렌채,2024,2024-02,92,일반/국평형,(주)무궁화신탁
제주특별자치도,서귀포시,서귀포시 전체,안덕면,제주 다이아빌라스 1차,2024,2024-02,75,일반/국평형,코리아신탁(주)
경기도,과천시,과천시 전체,갈현동,과천지식정보타운 S-3블록신혼희망타운(공공분양) 추가모집,2024,2024-02,2,일반/국평형,한국토지주택공사 경기남부지역본부
전라북도,익산시,익산시 전체,배산로,익산배산 제일풍경채 에듀파크 공가세대 일반공급,2024,2024-02,1,일반/국평형,전북개발공사
경기도,고양시,덕양구,오부자로,고양지축 A-2블록 신혼희망타운(공공분양) 잔여세대,2024,2024-02,1,일반/국평형,한국토지주택공사 경기북부지역본부
경기도,시흥시,시흥시 전체,논곡동,효성해링턴 플레이스 목감역,2024,2024-01,145,일반/국평형,신영부동산신탁 주식회사
서울특별시,서울특별시,강동구,길동,에스아이팰리스 강동 센텀Ⅱ,2024,2024-01,80,일반/국평형,우리자산신탁(주)
경상남도,산청군,산청군 전체,금서면,스위트캐슬 더프라임,2024,2024-01,77,일반/국평형,대한토지신탁(주)
경상북도,울진군,울진군 전체,후포면,후포 라온하이츠,2024,2024-01,60,일반/국평형,(주)무궁화신탁
서울특별시,서울특별시,양천구,신목로2길,어반클라쎄목동,2024,2024-01,45,일반/국평형,주식회사 쓰리씨
서울특별시,서울특별시,강서구,강서로,삼익 더 랩소디,2024,2024-01,45,일반/국평형,(주)삼익건설개발
경기도,부천시,부천시 전체,여월동,브라운스톤 여월,2024,2024-01,42,일반/국평형,"부천여월 엘에이치 참여형 가로주택정비사업조합,한국토지주택공사수도권도시정비특별본부"
제주특별자치도,제주시,제주시 전체,외도일동,외도일동 제이시티팰리스 3차,2024,2024-01,36,일반/국평형,동혁건설(우양환)
울산광역시,울산광역시,중구,학성동,영우 트리지움 2차 주상복합 아파트,2024,2024-01,32,일반/국평형,(주)무궁화신탁
부산광역시,부산광역시,남구,대연3동,더 비치 푸르지오 써밋,2023,2023-12,391,일반/국평형,대연4구역주택재건축정비사업조합
경상남도,양산시,양산시 전체,동면,양산사송 A-2BL 신혼희망타운(공공분양) 추가입주자모집,2023,2023-12,96,일반/국평형,한국토지주택공사 경남지역본부
경기도,오산시,오산시 전체,여계산로,오산세교 센트럴파크 공가세대 일반공급,2023,2023-12,44,일반/국평형,한국토지주택공사 경기남부지역본부
경기도,화성시,화성시 전체,동탄중앙로,화성동탄 센트럴포레스트 공가세대 일반공급,2023,2023-12,39,일반/국평형,한국토지주택공사 경기남부지역본부
경기도,오산시,오산시 전체,수목원로,오산세교 세마역에듀파크 공가세대 일반공급,2023,2023-12,22,일반/국평형,한국토지주택공사 경기남부지역본부
경기도,파주시,파주시 전체,와동동,파주와동 A1블록 신혼희망타운(공공분양) 잔여세대,2023,2023-12,11,일반/국평형,한국토지주택공사 경기북부지역본부
경기도,성남시,분당구,동판교로,성남판교 봇들마을3단지 휴먼시아 공가세대 일반공급,2023,2023-12,8,일반/국평형,한국토지주택공사 경기남부지역본부
경기도,성남시,분당구,판교원로82번길,성남판교 산운마을 13단지 데시앙 공가세대 일반공급,2023,2023-12,5,일반/국평형,한국토지주택공사 경기남부지역본부
경기도,성남시,분당구,판교원로,성남판교 산운마을11단지 판교포레라움 공가세대 일반공급,2023,2023-12,5,일반/국평형,한국토지주택공사 경기남부지역본부
경기도,의왕시,의왕시 전체,초평동,의왕초평 A-3블록 신혼희망타운(공공분양) 잔여세대 입주자모집공고,2023,2023-12,4,일반/국평형,한국토지주택공사 경기남부지역본부
경기도,성남시,분당구,서판교로,성남판교 판교원마을 12단지 힐스테이트 공가세대 일반공급,2023,2023-12,3,일반/국평형,한국토지주택공사 경기남부지역본부
경기도,화성시,화성시 전체,서동,화성능동 B-1블록 신혼희망타운(공공분양)잔여세대,2023,2023-12,1,일반/국평형,한국토지주택공사 경기남부지역본부
경기도,성남시,분당구,판교원로,성남판교 산운마을12단지 공가세대 일반공급,2023,2023-12,1,일반/국평형,한국토지주택공사 경기남부지역본부
세종특별자치시,6-3생활권,6-3생활권 전체,M2블록,행정중심복합도시 6-3M2블록(공공분양) 잔여세대 입주자모집공고,2023,2023-12,1,일반/국평형,한국토지주택공사 세종특별본부
경기도,안양시,동안구,호계동,평촌 센텀퍼스트,2023,2023-11,1228,일반/국평형,덕현지구주택재개발정비사업조합
인천광역시,인천광역시,남동구,구월동,한화 포레나 인천구월,2023,2023-11,434,일반/국평형,간석초교주변 다복마을구역 주택재개발정비사업조합
광주광역시,광주광역시,서구,마륵동,광주 상무역 골드클래스,2023,2023-11,191,일반/국평형,금화건설(주)
경기도,부천시,부천시 전체,신흥로,부천 JY 포에시아,2023,2023-11,55,일반/국평형,한국자산신탁(주)
경기도,성남시,중원구,광명로,중앙하이츠 금광프리미엄 아파트,2023,2023-11,41,일반/국평형,주식회사 코람코자산신탁
제주특별자치도,제주시,제주시 전체,동문로,일도이동 유피테르 6차,2023,2023-11,40,일반/국평형,신영부동산신탁 주식회사
경상북도,영덕군,영덕군 전체,영덕읍,한동 화개리 에코리브,2023,2023-11,35,일반/국평형,한동건설(주)
경기도,의왕시,의왕시 전체,고천동,의왕고천 A-2BL 신혼희망타운(공공분양) 잔여세대,2023,2023-11,4,일반/국평형,한국토지주택공사경기남부지역본부
경기도,평택시,고덕국제화계획지구,A-46블록,평택 고덕국제신도시 디에트르 리비에르,2023,2023-10,277,일반/국평형,대방주택 주식회사
충청남도,천안시,서북구,성거읍,북천안자이 포레스트(2차),2023,2023-10,264,일반/국평형,지에스건설(주)
경기도,포천시,포천시 전체,군내면,포천 대광로제비앙,2023,2023-10,215,일반/국평형,포천대광지역주택조합
경기도,용인시,기흥구,마북로154번길,용인 센트레빌 그리니에,2023,2023-10,171,일반/국평형,한국자산신탁(주)
인천광역시,인천광역시,연수구,해돋이로,월드메르디앙 송도,2023,2023-10,128,일반/국평형,우리자산신탁 주식회사
전라남도,광양시,광양시 전체,광양읍,광양 세미존서희스타힐스,2023,2023-10,58,일반/국평형,세미존서희스타힐스덕례지역주택조합
제주특별자치도,제주시,제주시 전체,화북이동,화북세원멤버스,2023,2023-10,53,일반/국평형,주식회사 거상
인천광역시,인천광역시,미추홀구,숭의동,미추홀 루브루 숭의,2023,2023-10,50,일반/국평형,인천숭의2엘에이치참여형가로주택정비사업조합
경상남도,밀양시,밀양시 전체,가곡동,가곡동 수에르떼,2023,2023-10,45,일반/국평형,코리아신탁(주)
서울특별시,서울특별시,강동구,둔촌동,둔촌 현대수린나,2023,2023-10,34,일반/국평형,주식회사 대정이앤씨
인천광역시,인천광역시,미추홀구,참외전로,서희스타힐스 스타디움센트럴씨티,2023,2023-10,13,일반/국평형,인천도원역 지역주택조합
경기도,수원시,권선구,당수동,수원당수 A-4블럭 신혼희망타운 추가모집,2023,2023-10,3,일반/국평형,한국토지주택공사 경기남부지역본부
경상남도,창원시,진해구,용원동,신항 마린 애시앙,2023,2023-09,484,일반/국평형,(주)부영주택
경기도,양주시,양주시 전체,덕계동,양주 회천지구 A-20BL 대광로제비앙 센트럴(본청약),2023,2023-09,299,일반/국평형,주식회사 대광에이엠씨
경기도,부천시,부천시 전체,심곡본동,월드메르디앙 소사역 아파트,2023,2023-09,120,일반/국평형,(주)무궁화신탁
경상북도,울진군,울진군 전체,죽변면,울진 하버펠리체,2023,2023-09,67,일반/국평형,신영부동산신탁 주식회사
전라북도,무주군,무주군 전체,무주읍,골든렉시움,2023,2023-09,42,일반/국평형,주식회사 신우성건설
경기도,남양주시,남양주시 전체,퇴계원읍,청광플러스원,2023,2023-09,39,일반/국평형,코리아신탁(주)
경상북도,경산시,경산시 전체,중방동,경산 중방스타힐스(조합원취소분),2023,2023-09,35,일반/국평형,경산서희지역주택조합
서울특별시,서울특별시,강북구,수유동,수유 시그니티,2023,2023-09,32,일반/국평형,수유 시그니티
대구광역시,대구광역시,수성구,수성동,빌리브 헤리티지,2023,2023-08,146,일반/국평형,교보자산신탁(주)
인천광역시,인천광역시,미추홀구,아암대로,인천 용현 경남아너스빌(조합원취소분),2023,2023-08,87,일반/국평형,인천용현지역주택조합
경상남도,남해군,남해군 전체,납해읍,남해 타운하우스,2023,2023-08,76,일반/국평형,주식회사 장안
경상남도,거창군,거창군 전체,거창읍,대동리 나리안길 107동,2023,2023-08,48,일반/국평형,(주)무궁화신탁
경상남도,김해시,김해시 전체,삼문동,이안 센트럴포레 장유 1단지,2023,2023-08,45,일반/국평형,김해장유지역주택조합1단지
제주특별자치도,제주시,제주시 전체,일도이동,일도이동 유피테르 6차,2023,2023-08,40,일반/국평형,신영부동산신탁 주식회사
경상남도,김해시,김해시 전체,삼문동,이안 센트럴포레 장유 2단지,2023,2023-08,34,일반/국평형,김해장유지역주택조합2단지
경기도,평택시,평택시 전체,현덕면,이안 평택 안중역(조합분양 취소분),2023,2023-08,33,일반/국평형,평택현덕지역주택조합
경기도,화성시,화성시 전체,능동,화성능동 B-1블록 신혼희망타운(공공분양) 추가모집,2023,2023-08,6,일반/국평형,한국토지주택공사 경기남부지역본부
경기도,과천시,과천시 전체,갈현동,과천지식정보타운 S-7블록 신혼희망타운(공공분양) 추가모집,2023,2023-08,1,일반/국평형,한국토지주택공사 경기남부지역본부
경기도,양주시,양주시 전체,삼숭동,양주옥정 A-4(1)블록 공공분양주택,2023,2023-07,1409,일반/국평형,한국토지주택공사 서울지역본부
충청남도,천안시,서북구,성거읍,북천안자이 포레스트,2023,2023-07,378,일반/국평형,지에스건설(주)
제주특별자치도,서귀포시,서귀포시 전체,하효동,서귀포 휴안1차 아파트,2023,2023-07,78,일반/국평형,(주)무궁화신탁
충청남도,서산시,서산시 전체,석림동,서산 메이시티 아파트,2023,2023-07,60,일반/국평형,주식회사그린종합건설
충청북도,보은군,보은군 전체,보은읍,보은 대신 센텀캐슬 아파트,2023,2023-07,59,일반/국평형,(주)무궁화신탁
경기도,파주시,파주시 전체,운정신도시,파주 운정신도시 B2블록 운정호수공원 누메르,2023,2023-07,38,일반/국평형,코리아신탁(주)
대구광역시,대구광역시,달성군,다사읍,대실역 블루핀34,2023,2023-07,34,일반/국평형,(주) 시몽건축사사무소
경기도,수원시,권선구,당수동,수원당수지구 A-4블록 신혼희망타운(공공분양) 추가모집,2023,2023-07,11,일반/국평형,한국토지주택공사 경기남부지역본부
인천광역시,인천광역시,부평구,열우물로,더샵 부평 센트럴시티 10년 분양전환공공임대주택,2023,2023-06,207,일반/국평형,인천도시공사
서울특별시,서울특별시,강서구,등촌동,등촌 지와인,2023,2023-06,136,일반/국평형,김영인
서울특별시,서울특별시,강동구,둔촌동,더샵 파크솔레이유,2023,2023-06,73,일반/국평형,둔촌동삼익빌라주택재건축정비사업조합
경기도,부천시,부천시 전체,심곡동,부천역 청담더마크,2023,2023-06,72,일반/국평형,로얄청담
인천광역시,인천광역시,동구,송림동,동인천역 파크푸르지오 10년 분양전환 공공임대주택,2023,2023-06,71,일반/국평형,인천도시공사
경상북도,경산시,경산시 전체,중방동,경산서희스타힐스,2023,2023-06,64,일반/국평형,경산서희지역주택조합
경상남도,거제시,거제시 전체,연초면,거제 한내 시온 숲속의아침뷰,2023,2023-06,46,일반/국평형,주식회사 시온토건
경상남도,밀양시,밀양시 전체,가곡동,수에르떼 밀양,2023,2023-06,45,일반/국평형,코리아신탁(주)
경기도,시흥시,시흥시 전체,월동,시흥 센트럴 헤센,2023,2023-06,38,일반/국평형,시흥월동지구지역주택조합
경기도,수원시,권선구,당수동,수원당수지구 A-4블록 신혼희망타운(공공분양) 추가모집,2023,2023-06,23,일반/국평형,한국토지주택공사 경기남부지역본부
서울특별시,서울특별시,강남구,수서동,수서역세권 A3블록 신혼희망타운(공공분양) 추가모집,2023,2023-06,1,일반/국평형,한국토지주택공사 서울지역본부
경기도,수원시,권선구,당수동,수원당수지구 A-3블록 신혼희망타운(공공분양) 추가모집,2023,2023-05,4,일반/국평형,한국토지주택공사 경기남부지역본부
전라북도,군산시,군산시 전체,요죽길,군산 한성필하우스,2023,2023-04,149,일반/국평형,한성건설(주)
충청북도,진천군,진천군 전체,덕산읍,진천 덕산우방아이유쉘,2023,2023-04,110,일반/국평형,(주)삼라
제주특별자치도,제주시,제주시 전체,일도이동,일도 더 팰리스 아파트,2023,2023-04,66,일반/국평형,주식회사 무궁화신탁
경기도,평택시,평택시 전체,지제동,더샵 지제역 센트럴파크 2BL,2023,2023-04,4,일반/국평형,지제센토피아지역주택2조합
경기도,화성시,화성시 전체,봉담읍,화성봉담2 A-2블록 신혼희망타운(공공분양) 잔여세대,2023,2023-04,1,일반/국평형,한국토지주택공사 경기남부지역본부
인천광역시,인천광역시,미추홀구,숭의동,인천석정 한신더휴,2023,2023-03,151,일반/국평형,인천석정 엘에이치참여형 가로주택정비사업조합
서울특별시,서울특별시,강서구,화곡동,화곡 더리브 스카이 주상복합아파트,2023,2023-03,140,일반/국평형,케이비부동산신탁(주)
경상남도,통영시,통영시 전체,용남면,통영더유엘윈썸,2023,2023-03,55,일반/국평형,통영더유엘지역주택조합
경기도,하남시,하남시 전체,신장동,그린나래,2023,2023-03,8,일반/국평형,그린산업종합건설주식회사
충청남도,서산시,서산시 전체,해미면,서산 해미 이아에듀타운,2023,2023-02,80,일반/국평형,교보자산신탁(주)
제주특별자치도,제주시,제주시 전체,애월읍,하귀푸르미르아파트,2023,2023-02,41,일반/국평형,주식회사 삼조개발
전라북도,전주시,덕진구,만성로,전주만성에코르2단지 10년공공임대주택 잔여세대 및 예비입주자 모집공고,2023,2023-02,12,일반/국평형,전북개발공사
광주광역시,광주광역시,광산구,선암동,선운 더브이 레브리티,2023,2023-01,128,일반/국평형,(주)무궁화신탁
부산광역시,부산광역시,수영구,남천동,남천자이,2023,2023-01,116,일반/국평형,남천2구역(삼익타워)주택재건축정비사업조합
전라북도,부안군,부안군 전체,줄포면,부안 줄포 블레스아파트,2023,2023-01,64,일반/국평형,(주)무궁화신탁
서울특별시,서울특별시,마포구,아현동,마포 더 클래시,2023,2023-01,53,일반/국평형,아현2구역주택재건축정비사업조합
충청북도,청주시,서원구,개신동,청주 개신동 원더라움 아파트,2023,2023-01,48,일반/국평형,개신동 스위트인 지역주택조합
제주특별자치도,서귀포시,서귀포시 전체,토평동,빌라드아르떼 제주,2023,2023-01,36,일반/국평형,신한자산신탁 주식회사
경기도,부천시,부천시 전체,성오로,더원 루미에르,2023,2023-01,35,일반/국평형,명신아파트가로주택정비사업조합
경기도,수원시,팔달구,교동,힐스테이트 푸르지오 수원,2022,2022-12,6,일반/국평형,수원115의6구역 재개발정비사업조합
전라북도,군산시,군산시 전체,오식도동,군산 한성필하우스,2022,2022-11,66,일반/국평형,한성건설(주)
대구광역시,대구광역시,달서구,진천동,월배역 우인그레이스,2022,2022-11,48,일반/국평형,주식회사 씨엔에스
경기도,파주시,파주시 전체,파주읍,파주연풍 양우내안애 에코하임,2022,2022-11,5,일반/국평형,연풍리지역주택조합
경기도,시흥시,시흥시 전체,시청로,시흥장현 A-8블록 신혼희망타운(공공분양) 3회차(자격완화),2022,2022-11,2,일반/국평형,한국토지주택공사 인천지역본부
경기도,화성시,화성시 전체,동탄지성로,반월자이 더 파크,2022,2022-10,118,일반/국평형,지에스건설(주)
부산광역시,부산광역시,금정구,중앙대로1893번길,구서다움파크,2022,2022-10,84,일반/국평형,대신자산신탁 주식회사
충청북도,진천군,진천군 전체,광혜원면,광혜원 포레가,2022,2022-10,51,일반/국평형,광혜원지역주택조합
부산광역시,부산광역시,부산진구,범천동,e편한세상 서면 더센트럴,2022,2022-10,9,일반/국평형,범천3구역지역조합
전라북도,군산시,군산시 전체,나운동,나운 금호어울림 센트럴,2022,2022-09,54,일반/국평형,나운주공2단지주택재건축정비사업조합
대구광역시,대구광역시,남구,대명동,대명 헤리티지,2022,2022-09,31,일반/국평형,주식회사 시온건설
전라남도,해남군,해남군 전체,해남읍,해남 미림아파트,2022,2022-08,60,일반/국평형,미림토건(주)
부산광역시,부산광역시,사하구,신평동,사하코오롱하늘채,2022,2022-08,40,일반/국평형,신평지역주택조합
